Bdens,Conduct,Clay,ECEC,Eff_CaCO3,ESP,Ex_Acid,Ex_Al,Ex_Ca,Ex_K,Ex_Mg,Ex_Na,KCl_Al,KCl_H,Org_C,pH_CaCl2,pH_H2O,Sand,Silt,Tot_C,Tot_N,Tot_P,Water_rep,Bio1,Bio10,Bio11,Bio12,Bio13,Bio14,Bio15,Bio16,Bio17,Bio18,Bio19,Bio2,Bio3,Bio4,Bio5,Bio6,Bio7,Bio8,Bio9,Prec1,Prec10,Prec11,Prec12,Prec2,Prec3,Prec4,Prec5,Prec6,Prec7,Prec8,Prec9,Tmax1,Tmax10,Tmax11,Tmax12,Tmax2,Tmax3,Tmax4,Tmax5,Tmax6,Tmax7,Tmax8,Tmax9,Tmean1,Tmean10,Tmean11,Tmean12,Tmean2,Tmean3,Tmean4,Tmean5,Tmean6,Tmean7,Tmean8,Tmean9,Tmin1,Tmin10,Tmin11,Tmin12,Tmin2,Tmin3,Tmin4,Tmin5,Tmin6,Tmin7,Tmin8,Tmin9,Aspect,Elevation,Slope,An_Hill,CS_Curve,BaseChan,ConInd,LS_Fact,Ln_Curve,Top_Wetnes,ValDepth,CLASS,Latitude,Longitude
1.49000,0.01300,0.70000,0.92000,0,2.17000,0.05000,0.06400,0.69000,0.02000,0.14000,0.02000,0.03000,0.02000,0.44000,5.00000,6.00000,98.30000,1.00000,0.44000,0.03000,24.50000,1,201,263,146,520,117,5,83,292,29,30,292,134,51,4614,351,89,262,146,260,5,27,16,10,14,11,31,72,117,97,78,42,351,253,283,320,350,325,280,235,204,192,200,223,269,183,209,240,271,251,214,178,153,141,144,159,187,113,135,160,193,178,148,121,102,90,89,96,24.680,94,0,0.803130,0.000000,93.935,-10.0650,0.035830,0.000030,10.2892,137.002,1,-29.8697387,115.2658783
1.49100,0.01000,0.50000,0.97000,0,2.06000,0.03000,0.12900,0.75000,0.02000,0.15000,0.02000,0.02000,0.01000,0.48000,5.10000,6.00000,99.30000,0.20000,0.48000,0.03000,32.40000,1,201,264,146,520,117,5,83,292,29,30,292,134,51,4618,351,89,262,146,259,5,27,16,10,14,11,31,72,117,97,78,42,351,254,283,320,351,326,281,235,204,193,200,223,268,183,209,239,272,253,215,178,153,142,144,159,186,113,135,159,194,180,149,121,102,91,89,96,294.310,99,0,0.768990,0.000000,96.573,-4.7235,0.239950,0.000000,13.6087,135.927,2,-29.8590734,115.2665286
1.51500,0.01400,1.50000,0.94000,0,3.19000,0.04000,0.08000,0.70000,0.03000,0.14000,0.03000,0.03000,0.02000,0.51000,5.10000,6.10000,98.30000,0.20000,0.51000,0.03000,39.60000,1,202,265,146,517,117,5,82,290,29,30,290,134,50,4694,353,89,264,146,261,5,27,16,10,14,11,31,71,117,96,77,42,353,254,284,322,353,327,281,235,204,192,200,223,270,183,209,241,274,253,214,177,153,141,144,159,188,113,135,160,195,180,148,120,102,90,89,96,180.000,95,0,0.785360,0.000000,95.759,-4.1500,0.000010,0.000030,10.3961,136.356,2,-29.8480136,115.2673718
1.49500,0.01300,0.80000,0.64000,0,3.45000,0.04000,0.09800,0.46000,0.02000,0.10000,0.02000,0.03000,0.01000,0.37000,5.40000,6.10000,98.40000,0.80000,0.37000,0.02000,28.90000,0,202,266,147,517,117,5,82,290,29,30,290,135,50,4669,354,89,265,147,261,5,27,16,10,14,11,31,71,117,96,77,42,354,255,285,323,353,328,282,235,205,193,201,223,271,184,210,241,273,254,215,178,154,142,145,159,188,113,135,160,194,180,149,121,103,91,89,96,5.790,91,0,0.750310,0.000100,95.913,37.6700,0.065130,0.000000,7.9478,135.373,10,-29.8408284,115.2692035
1.48800,0.00000,1.50000,0.51000,0,3.92000,0.03000,0.05900,0.36000,0.02000,0.08000,0.02000,0.02000,0.00000,0.28000,5.30000,6.10000,98.00000,0.50000,0.28000,0.02000,24.20000,0,202,266,147,517,117,5,82,290,29,30,290,135,50,4669,354,89,265,147,261,5,27,16,10,14,11,31,71,117,96,77,42,354,255,285,323,353,328,282,235,205,193,201,223,271,184,210,241,273,254,215,178,154,142,145,159,188,113,135,160,194,180,149,121,103,91,89,96,37.840,88,0,0.767700,0.000110,95.877,30.9709,0.040650,0.000000,10.8116,138.132,10,-29.8395931,115.2685728
1.47600,0.01100,1.20000,0.46000,0,6.52000,0.02000,0.11600,0.31000,0.02000,0.08000,0.03000,0.00000,0.01000,0.31000,5.10000,6.00000,98.50000,0.20000,0.31000,0.03000,28.40000,0,202,266,147,517,117,5,82,290,29,30,290,135,50,4669,354,89,265,147,261,5,27,16,10,14,11,31,71,117,96,77,42,354,255,285,323,353,328,282,235,205,193,201,223,271,184,210,241,273,254,215,178,154,142,145,159,188,113,135,160,194,180,149,121,103,91,89,96,269.840,89,0,0.785320,0.000030,95.306,2.2481,0.000020,0.000070,10.0495,135.458,14,-29.8392960,115.2672532
1.47500,0.00000,0.50000,0.90000,0,2.22000,0.04000,0.10000,0.70000,0.02000,0.12000,0.02000,0.04000,0.00000,0.43000,5.00000,6.00000,98.30000,1.20000,0.43000,0.03000,24.20000,1,202,267,145,516,116,5,82,289,29,30,289,135,50,4748,355,89,266,145,262,5,27,16,10,14,11,31,71,116,96,77,42,355,255,285,324,355,329,282,235,204,192,200,224,271,184,210,242,275,255,215,177,153,140,144,160,188,113,135,160,195,181,149,120,102,89,89,96,135.000,108,0,0.819930,-0.000100,105.035,-22.9310,0.093390,0.000000,12.6154,126.970,2,-29.8176521,115.2811917
1.39200,0.01100,0.50000,1.07000,0,2.80000,0.06000,0.08600,0.78000,0.02000,0.18000,0.03000,0.04000,0.02000,0.53000,4.60000,5.80000,99.00000,0.50000,0.53000,0.03000,16.10000,2,202,267,145,516,116,5,82,289,29,30,289,135,50,4748,355,89,266,145,262,5,27,16,10,14,11,31,71,116,96,77,42,355,255,285,324,355,329,282,235,204,192,200,224,271,184,210,242,275,255,215,177,153,140,144,160,188,113,135,160,195,181,149,120,102,89,89,96,274.400,111,0,0.769460,0.000000,104.785,-1.2611,0.095210,0.000000,9.0932,128.170,4,-29.8212146,115.2831589
1.48900,0.01300,0.20000,1.52000,0,1.32000,0.04000,0.07100,1.23000,0.02000,0.21000,0.02000,0.03000,0.02000,0.68000,5.00000,6.10000,99.30000,0.50000,0.68000,0.03000,15.00000,3,202,267,145,516,116,5,82,289,29,30,289,135,50,4748,355,89,266,145,262,5,27,16,10,14,11,31,71,116,96,77,42,355,255,285,324,355,329,282,235,204,192,200,224,271,184,210,242,275,255,215,177,153,140,144,160,188,113,135,160,195,181,149,120,102,89,89,96,180.000,106,0,0.839610,0.000000,102.423,-26.5790,0.247160,0.000010,13.7045,132.291,7,-29.8246801,115.2825201
1.53900,0.01400,0.20000,0.91000,0,2.20000,0.04000,0.11200,0.67000,0.02000,0.16000,0.02000,0.03000,0.01000,0.41000,5.10000,5.90000,99.00000,0.70000,0.41000,0.03000,35.90000,1,202,266,145,515,115,6,83,286,30,32,286,135,50,4737,355,89,266,145,262,6,27,16,10,14,12,31,71,115,95,76,42,355,255,286,324,354,329,282,235,204,192,200,224,271,184,211,242,274,255,215,177,153,140,144,160,188,113,136,160,195,181,149,120,102,89,89,96,46.370,100,0,0.716580,0.000020,103.485,16.7806,0.212750,0.000000,8.6410,134.998,5,-29.8272562,115.2926172
1.45800,0.01200,0.50000,1.03000,0,1.94000,0.04000,0.11600,0.78000,0.02000,0.17000,0.02000,0.03000,0.02000,0.50000,5.10000,6.10000,99.30000,0.20000,0.50000,0.03000,17.10000,1,202,267,145,516,116,5,82,289,29,30,289,135,50,4748,355,89,266,145,262,5,27,16,10,14,11,31,71,116,96,77,42,355,255,285,324,355,329,282,235,204,192,200,224,271,184,210,242,275,255,215,177,153,140,144,160,188,113,135,160,195,181,149,120,102,89,89,96,284.040,109,0,0.681550,0.000060,101.014,1.1504,0.294290,0.000090,8.4720,128.003,9,-29.8245015,115.2764283
1.51300,0.01000,0.70000,0.74000,0,2.70000,0.05000,0.13700,0.53000,0.02000,0.12000,0.02000,0.04000,0.02000,0.48000,4.80000,5.90000,99.00000,0.20000,0.48000,0.04000,23.70000,1,201,265,145,517,117,5,82,290,29,30,290,135,51,4682,353,89,264,145,261,5,27,16,10,14,11,31,71,117,96,77,42,353,253,283,322,352,327,281,234,204,192,200,224,270,182,208,240,273,253,215,177,153,140,144,160,187,112,134,159,194,179,149,120,102,89,89,96,249.200,106,0,0.749790,0.000040,106.907,5.6572,0.091290,0.000050,12.2699,131.702,3,-29.8548558,115.2820968
1.48500,0.01400,1.20000,0.85000,0,2.35000,0.05000,0.09900,0.62000,0.02000,0.14000,0.02000,0.04000,0.02000,0.52000,4.90000,5.90000,98.50000,0.20000,0.52000,0.03000,27.00000,1,200,264,145,520,117,5,83,291,29,31,291,134,50,4668,352,88,264,145,260,5,27,16,10,14,12,31,72,117,96,78,42,352,253,283,321,351,325,280,234,203,191,199,222,269,182,208,240,272,251,213,177,152,140,143,158,187,112,134,159,193,178,147,120,101,89,88,95,265.650,105,0,0.720640,0.000000,107.745,-1.8479,0.692990,0.000000,12.7712,131.085,2,-29.8629351,115.2837907
1.39500,0.01200,0.50000,0.90000,0,3.33000,0.04000,0.07700,0.67000,0.02000,0.14000,0.03000,0.03000,0.02000,0.60000,4.90000,5.90000,99.30000,0.20000,0.60000,0.03000,10.50000,2,201,263,146,520,117,5,83,292,29,30,292,133,51,4571,349,89,260,146,258,5,27,16,10,14,11,31,72,117,97,78,42,349,253,282,318,349,325,280,235,204,193,200,223,267,183,208,238,270,252,214,178,153,141,144,159,186,113,135,159,192,179,148,121,102,90,89,96,297.550,89,0,0.767720,-0.000100,89.261,-10.9060,0.026540,0.000000,8.6499,137.169,7,-29.8860465,115.2647988
1.38900,0.03300,3.70000,0.75000,0,25.68000,0.08000,0.03000,0.25000,0.10000,0.12000,0.19000,0.05000,0.03000,0.39000,4.90000,5.80000,88.00000,8.20000,0.39000,0.03000,18.70000,0,200,263,146,521,118,5,83,293,29,30,293,133,51,4580,349,89,260,146,259,5,27,16,10,14,11,31,72,118,97,78,42,349,252,282,318,349,323,279,233,204,192,200,223,268,182,208,238,271,250,213,176,153,141,144,160,187,113,135,159,193,178,148,120,102,90,89,97,94.790,86,0,0.750360,0.000000,86.375,-1.2340,0.092420,0.000050,9.7083,137.443,10,-29.8932103,115.2640949
1.45900,0.01200,2.20000,0.90000,0,2.22000,0.04000,0.12800,0.65000,0.03000,0.16000,0.02000,0.03000,0.01000,0.43000,5.00000,6.00000,97.30000,0.50000,0.43000,0.04000,53.20000,0,200,263,145,521,117,5,83,292,29,31,292,134,51,4614,349,88,261,145,258,5,27,16,10,14,12,31,72,117,97,78,42,349,253,283,319,349,325,280,234,203,192,199,222,267,183,209,238,270,252,214,177,152,140,143,158,186,113,135,158,192,179,148,120,101,89,88,95,126.670,102,0,0.775400,0.000060,94.009,1.5203,0.622760,0.000010,12.3718,135.143,14,-29.8858848,115.2765535
1.40300,0.01400,0.70000,1.15000,0,2.61000,0.02000,0.13100,0.83000,0.05000,0.22000,0.03000,0.01000,0.00000,0.60000,5.30000,6.10000,98.80000,0.50000,0.60000,0.03000,21.30000,1,199,260,146,526,119,5,85,297,29,31,297,132,51,4467,345,90,255,146,256,5,27,16,9,15,11,31,73,119,99,79,42,345,251,279,315,345,321,277,233,204,192,200,221,264,182,206,236,268,249,211,176,153,141,145,158,184,113,134,158,191,177,146,120,102,90,90,96,292.490,91,0,0.768910,0.000050,80.225,5.4368,0.139250,0.000060,10.8957,116.249,21,-29.9314122,115.2443512
1.14500,0.02500,2.70000,2.77000,0,1.45000,0.05000,0.07200,2.15000,0.08000,0.45000,0.04000,0.04000,0.01000,1.12000,5.20000,6.10000,96.30000,1.00000,1.12000,0.08000,81.40000,1,197,257,144,538,120,5,84,302,30,32,302,130,51,4402,341,88,253,144,253,5,28,17,9,16,11,32,75,120,101,81,43,340,247,276,310,341,317,274,231,203,190,197,220,261,179,204,233,265,245,209,175,152,139,142,158,182,111,133,157,189,174,145,119,101,89,88,96,57.810,94,0,0.803300,-0.000100,91.005,-17.2960,0.152210,-0.000300,17.4370,78.170,10,-29.9796748,115.2296039
0.91600,0.07100,19.50000,6.55000,0,3.55000,0.06000,0.08600,4.58000,0.33000,1.35000,0.23000,0.05000,0.01000,3.19000,5.10000,6.00000,70.00000,10.50000,3.19000,0.20000,126.70000,1,194,254,141,545,122,5,83,305,30,33,305,130,51,4420,338,85,253,141,250,5,29,17,9,16,12,33,75,122,101,82,44,338,245,273,308,338,314,272,228,199,187,194,217,259,176,201,231,261,243,207,172,149,136,139,155,180,108,130,154,185,172,142,116,99,86,85,93,252.590,144,12,0.657070,-0.000100,107.391,-1.5686,1.752550,-0.000100,7.3232,59.518,10,-29.9873623,115.2424242
1.20600,0.02100,7.40000,2.63000,0,2.68000,0.04000,0.15200,1.70000,0.15000,0.66000,0.07000,0.03000,0.01000,1.13000,5.10000,6.10000,89.10000,3.50000,1.13000,0.07000,109.20000,0,196,256,144,538,120,5,83,301,30,33,301,130,51,4391,340,88,252,144,252,5,28,17,9,16,12,32,75,120,100,81,43,340,247,276,309,339,316,273,231,201,191,197,219,261,178,205,232,263,245,208,174,150,140,142,157,182,110,134,156,188,174,144,118,100,89,88,95,30.530,97,6,0.785360,-0.000200,95.006,-13.6590,0.000050,-0.000400,19.3792,78.484,10,-29.9867497,115.2357488
1.35800,0.01500,3.30000,1.11000,0,2.70000,0.06000,0.13500,0.81000,0.03000,0.18000,0.03000,0.05000,0.01000,0.66000,4.80000,5.90000,95.90000,0.70000,0.66000,0.04000,196.60000,0,196,256,144,540,121,5,82,303,30,33,303,131,51,4400,340,88,252,144,252,5,28,17,9,16,12,32,75,121,101,81,43,340,247,275,310,340,317,274,230,201,191,198,219,261,178,203,233,263,246,209,173,150,140,143,157,182,110,132,156,187,175,144,117,100,89,88,95,231.200,108,0,0.725450,0.000000,94.912,-3.0373,0.266380,0.000200,6.3602,55.383,5,-29.9749499,115.2325075
1.47400,0.01500,1.10000,1.33000,0,2.26000,0.03000,0.13100,1.06000,0.04000,0.17000,0.03000,0.03000,0.00000,0.68000,5.10000,6.10000,98.20000,0.70000,0.68000,0.04000,59.60000,1,198,258,146,528,119,5,83,298,29,31,298,131,51,4423,343,89,254,146,254,5,27,16,9,15,11,31,74,119,99,80,42,343,249,279,313,343,319,277,233,204,192,200,221,263,180,207,235,266,247,211,176,153,140,145,158,184,112,135,158,190,176,146,120,102,89,90,96,316.070,86,0,0.731940,0.000100,75.078,6.1729,0.073090,0.000150,7.6876,99.122,4,-29.9483006,115.2361080
0.61400,0.12800,18.10000,21.96000,0,4.28000,0.06000,0.01700,10.23000,1.23000,9.50000,0.94000,0.04000,0.02000,4.92000,5.20000,6.30000,41.90000,40.00000,4.92000,0.33000,121.60000,1,198,259,145,530,119,5,83,298,29,31,298,131,51,4467,344,89,255,145,255,5,28,16,9,15,11,31,74,119,99,80,43,343,250,278,313,344,320,276,232,202,192,199,220,263,181,205,235,267,248,211,175,151,141,144,157,184,112,133,158,190,176,146,119,101,90,89,95,320.200,82,0,0.678430,-0.000100,84.729,-6.6850,0.388740,-0.000100,11.2417,94.827,14,-29.9464346,115.2456931
1.42800,0.01000,1.10000,1.15000,0,1.74000,0.00000,0.10200,0.91000,0.03000,0.19000,0.02000,0.00000,0.00000,0.44000,5.40000,6.20000,98.70000,0.20000,0.44000,0.03000,27.40000,0,198,257,145,532,120,5,84,300,29,31,300,131,51,4393,342,89,253,145,254,5,27,17,9,15,11,31,74,120,100,80,43,342,249,278,312,342,318,276,233,204,192,198,221,262,181,206,235,265,246,211,176,153,141,143,158,183,113,134,158,189,175,146,119,102,90,89,96,57.620,84,0,0.785970,-0.000100,77.973,-16.1940,0.047400,0.000000,8.9656,102.466,1,-29.9513737,115.2324782
1.51700,0.01100,1.30000,1.28000,0,2.34000,0.05000,0.14200,0.98000,0.03000,0.19000,0.03000,0.04000,0.02000,0.66000,4.80000,5.70000,98.40000,0.20000,0.66000,0.04000,24.40000,1,202,267,146,507,114,6,82,283,30,32,283,135,50,4730,355,89,266,146,262,6,26,15,10,14,12,30,70,114,94,75,41,355,256,286,324,354,329,282,235,204,192,201,224,272,185,210,242,274,255,215,178,153,140,145,160,189,114,135,160,195,181,149,121,102,89,89,96,59.490,107,0,0.785380,0.000000,101.979,-18.3540,0.000020,0.000000,12.4519,104.770,4,-29.7764588,115.2725656
1.46800,0.01400,1.80000,1.48000,0,1.35000,0.05000,0.10200,1.16000,0.03000,0.22000,0.02000,0.04000,0.02000,0.72000,4.90000,5.70000,97.40000,0.70000,0.72000,0.06000,19.90000,1,202,267,146,507,114,6,82,283,30,32,283,135,50,4730,355,89,266,146,262,6,26,15,10,14,12,30,70,114,94,75,41,355,256,286,324,354,329,282,235,204,192,201,224,272,185,210,242,274,255,215,178,153,140,145,160,189,114,135,160,195,181,149,121,102,89,89,96,268.100,100,0,0.785990,0.000000,101.012,-4.1360,0.081300,0.000000,11.7208,95.338,4,-29.7616510,115.2655705
1.43900,0.01300,2.50000,1.10000,0,1.82000,0.04000,0.17500,0.78000,0.04000,0.22000,0.02000,0.03000,0.02000,0.54000,4.90000,5.60000,97.00000,0.50000,0.54000,0.05000,20.80000,0,198,262,140,515,115,7,82,285,32,35,285,135,50,4752,351,84,267,140,237,7,27,15,10,15,13,31,71,115,95,75,41,351,251,282,321,350,325,277,230,198,187,195,220,267,180,206,238,270,250,210,173,147,136,139,156,184,109,131,156,191,176,144,116,97,85,84,92,243.430,204,6,0.778750,-0.000200,134.808,-3.1038,1.227160,-0.000100,7.8371,37.368,1,-29.7761709,115.3124535
1.45900,0.01400,3.70000,1.15000,0,3.48000,0.07000,0.20200,0.81000,0.03000,0.20000,0.04000,0.05000,0.03000,0.62000,5.00000,5.60000,95.80000,0.50000,0.62000,0.05000,18.90000,0,197,262,139,504,112,7,80,278,32,35,278,136,50,4843,352,82,270,139,237,7,26,15,10,15,13,31,69,112,93,73,40,352,251,283,321,350,325,276,228,196,185,194,219,268,179,206,238,270,250,209,170,145,134,138,154,184,107,130,156,190,175,143,113,95,83,82,89,139.510,214,0,1.014080,0.000150,143.913,2.6419,0.668520,0.000230,8.1401,4.913,7,-29.7319152,115.3339637
1.15200,0.04200,4.00000,2.71000,1,4.46000,0.03000,0.01100,1.28000,0.17000,1.11000,0.12000,0.03000,0.00000,0.78000,5.90000,6.50000,91.10000,4.90000,0.78000,0.05000,12.60000,1,203,264,148,462,107,6,86,266,24,30,262,133,51,4556,350,90,260,160,261,7,22,12,6,11,12,27,69,107,90,65,34,348,257,286,320,350,326,283,239,207,196,203,227,268,186,212,242,273,253,217,181,155,144,146,162,188,115,138,164,196,181,152,124,104,92,90,97,321.840,36,0,0.749930,0.000000,31.320,-8.1660,0.039410,0.000020,8.0997,90.699,21,-29.4328420,115.1103611
1.38000,0.01400,0.80000,1.06000,0,2.83000,0.03000,0.12800,0.82000,0.02000,0.16000,0.03000,0.02000,0.00000,0.41000,5.60000,6.50000,98.70000,0.50000,0.41000,0.03000,9.10000,1,202,264,147,463,107,6,86,266,25,31,262,134,51,4603,350,89,261,158,240,7,22,12,6,12,12,27,69,107,90,65,34,348,256,286,321,350,327,283,237,206,194,202,226,267,184,211,242,272,254,217,179,154,142,145,161,187,113,137,163,195,181,151,122,103,90,89,96,137.730,57,0,0.768990,0.000000,50.000,-13.3340,0.312670,0.000040,14.9547,74.511,8,-29.4315730,115.1420060
1.46900,0.01300,1.80000,1.10000,0,2.73000,0.03000,0.08200,0.85000,0.03000,0.16000,0.03000,0.02000,0.01000,1.00000,5.20000,6.00000,97.70000,0.50000,0.53000,0.05000,15.70000,0,200,263,144,522,117,6,82,291,31,33,291,134,50,4672,351,88,263,144,259,6,27,16,10,15,12,31,72,117,96,78,42,351,252,283,320,350,325,279,233,202,191,199,222,268,181,208,239,271,252,213,176,151,139,143,158,186,111,134,159,193,179,147,119,101,88,88,95,0.000,61,0,0.750330,0.000010,63.005,0.4158,0.098280,0.000000,10.0158,62.481,22,-29.3983277,115.1474960
0.78300,0.07200,14.20000,3.79000,0,8.13000,0.04000,0.01100,1.50000,0.31000,1.63000,0.31000,0.02000,0.02000,0.53000,5.70000,6.50000,68.70000,17.10000,1.39000,0.07000,14.70000,1,202,264,146,462,106,6,86,265,25,31,261,134,51,4631,350,88,262,158,240,7,22,12,6,12,12,27,69,106,90,65,34,348,256,286,321,350,327,283,237,205,194,201,226,267,184,211,242,272,254,217,179,154,141,144,160,187,113,137,163,195,181,151,122,103,89,88,95,222.960,41,0,0.785330,0.000000,32.022,-37.0970,0.000020,0.000000,12.5251,92.453,21,-29.3965314,115.1165454
0.90200,0.10100,10.20000,2.75000,1,12.27000,0.04000,0.01100,1.67000,0.18000,0.52000,0.34000,0.02000,0.02000,1.39000,5.20000,5.70000,65.60000,24.20000,1.29000,0.06000,12.10000,1,203,264,148,459,107,5,87,266,23,30,262,133,51,4554,350,90,260,160,261,7,21,12,5,11,12,26,69,107,90,65,34,348,256,286,320,350,326,283,239,207,196,203,227,268,184,212,242,273,253,217,181,156,144,146,162,188,113,138,164,196,181,152,124,105,92,90,97,266.920,32,0,0.786140,-0.000100,32.931,-20.7350,0.068070,-0.000100,10.4774,90.501,21,-29.4367423,115.1284201
1.45200,0.01500,1.30000,1.00000,1,3.00000,0.04000,0.09600,0.76000,0.02000,0.15000,0.03000,0.03000,0.01000,1.29000,5.40000,6.00000,97.50000,1.20000,0.41000,0.04000,12.70000,0,204,265,148,462,107,6,86,266,24,30,262,134,51,4574,351,90,261,160,261,7,22,12,6,11,12,27,69,107,90,65,34,349,257,286,320,351,327,283,240,207,196,203,227,269,185,212,241,274,254,217,182,156,144,146,162,189,114,138,163,197,182,152,124,105,92,90,97,282.660,91,0,0.807080,0.000000,71.235,-0.8224,0.248710,0.000000,10.2345,35.096,22,-29.3854817,115.1639967
1.47500,0.01100,1.60000,1.00000,0,2.00000,0.03000,0.13400,0.78000,0.03000,0.14000,0.02000,0.00000,0.02000,0.41000,5.20000,5.90000,98.00000,0.50000,0.49000,0.04000,10.60000,1,201,263,145,463,106,6,86,265,25,32,261,134,51,4634,349,87,262,157,239,7,22,12,6,12,13,27,69,106,90,65,34,348,255,286,320,349,326,282,237,204,192,200,225,267,183,211,240,271,253,216,179,153,140,143,159,187,112,136,161,194,180,150,121,102,88,87,94,247.510,87,0,0.750170,0.000060,83.197,5.7932,0.076650,0.000020,8.7398,40.122,22,-29.4263273,115.1737227
1.08000,0.01800,4.50000,1.34000,0,2.99000,0.08000,0.17800,0.93000,0.05000,0.24000,0.04000,0.04000,0.04000,0.49000,4.90000,5.70000,93.80000,1.70000,0.89000,0.05000,281.70000,0,198,260,143,529,118,6,81,295,31,33,295,133,51,4586,347,87,260,143,256,6,28,17,10,15,12,32,73,119,98,80,43,345,249,279,314,345,320,276,229,199,188,196,219,263,179,205,234,267,247,208,172,148,137,140,156,182,109,131,155,189,174,143,116,98,86,85,93,14.740,128,10,0.684280,0.000230,125.187,8.1082,0.552700,-0.000100,7.1888,84.276,6,-29.9215925,115.2956703
1.40200,0.01300,2.10000,1.56000,1,1.92000,0.04000,0.07100,1.24000,0.03000,0.22000,0.03000,0.02000,0.02000,0.70000,5.00000,5.80000,97.40000,0.60000,0.70000,0.05000,13.50000,1,200,263,144,469,106,7,83,264,27,33,262,135,50,4692,351,86,265,155,239,7,23,13,7,13,13,28,68,106,90,66,35,349,255,285,321,351,326,281,234,202,190,200,224,267,183,210,240,272,252,215,176,151,138,143,158,186,111,135,160,194,179,149,119,100,87,86,93,254.000,111,0,0.785460,0.000040,99.294,2.5965,0.000040,0.000080,16.6680,13.603,22,-29.4633883,115.2051568
1.43800,0.01600,2.80000,1.51000,1,1.32000,0.02000,0.09600,1.24000,0.02000,0.21000,0.02000,0.01000,0.01000,0.70000,5.30000,5.80000,96.90000,0.30000,0.70000,0.05000,17.30000,1,201,264,145,470,107,6,84,266,26,33,263,135,51,4664,351,87,264,156,239,7,23,13,6,13,13,28,69,107,90,66,35,349,256,286,321,351,326,282,235,203,191,201,225,267,184,211,241,273,252,216,177,152,139,144,160,186,112,136,161,195,179,150,120,101,88,87,95,232.810,95,0,0.807050,0.000000,91.417,-1.8985,0.162540,-0.000100,8.0931,29.746,2,-29.4640476,115.1898854
1.51500,0.01700,3.80000,1.12000,0,3.57000,0.03000,0.23200,0.81000,0.03000,0.21000,0.04000,0.02000,0.02000,0.64000,5.10000,5.90000,95.90000,0.30000,0.64000,0.04000,202.00000,0,198,260,143,529,118,6,81,295,31,33,295,133,51,4586,347,87,260,143,256,6,28,16,10,15,12,32,73,118,98,79,42,347,250,280,316,347,321,276,232,200,190,197,220,265,180,206,236,269,248,210,175,149,139,142,157,184,111,133,157,191,176,145,118,99,88,87,94,283.860,124,0,0.593210,0.000000,121.493,1.2270,0.645820,-0.000100,8.9739,93.403,6,-29.9209232,115.2927598
1.42500,0.01200,2.10000,0.76000,0,2.63000,0.02000,0.20700,0.58000,0.02000,0.12000,0.02000,0.01000,0.01000,0.42000,5.70000,6.40000,97.80000,0.10000,0.42000,0.03000,13.20000,0,202,264,146,472,107,7,84,266,27,32,264,135,51,4646,352,88,264,157,240,7,23,13,7,13,12,28,69,107,90,67,36,350,256,286,322,352,327,282,237,204,192,202,225,268,184,211,241,273,253,216,179,153,140,145,160,187,112,136,161,195,180,150,121,102,89,88,95,238.880,71,0,0.785420,0.000020,72.793,-1.0896,0.000040,0.000040,17.9396,52.278,8,-29.5041723,115.1931627
0.94600,0.03900,10.50000,2.47000,0,6.58000,0.04000,0.03000,1.67000,0.15000,0.44000,0.16000,0.02000,0.03000,1.19000,5.00000,5.70000,78.20000,11.30000,1.19000,0.07000,14.70000,1,203,265,148,469,108,6,85,269,24,30,266,133,50,4592,351,90,261,159,261,6,22,13,6,12,12,27,70,108,91,67,35,349,257,286,321,351,327,283,238,207,195,203,226,268,186,212,242,274,254,217,180,156,143,146,161,188,115,138,163,197,182,152,123,105,92,90,97,284.960,37,0,0.785450,0.000000,37.061,14.2215,0.000030,0.000000,14.0199,83.603,10,-29.5001725,115.1341753
1.38500,0.01700,1.80000,1.42000,0,2.82000,0.03000,0.06400,1.14000,0.02000,0.19000,0.04000,0.01000,0.02000,1.17000,5.20000,6.00000,98.10000,0.10000,1.17000,0.05000,8.50000,1,203,264,148,474,109,6,86,271,24,30,269,133,51,4547,350,90,260,160,260,6,23,13,6,12,12,27,70,109,92,68,36,348,256,285,319,350,326,283,238,207,196,203,226,268,185,211,240,273,253,217,180,156,144,146,161,188,114,138,162,196,181,152,123,105,92,90,97,100.150,41,0,0.785360,0.000000,37.699,-9.7980,0.000010,0.000090,13.4006,77.940,8,-29.5140595,115.1316707
1.40300,0.01600,4.80000,1.30000,0,2.31000,0.02000,0.21400,0.99000,0.03000,0.23000,0.03000,0.00000,0.02000,0.60000,5.30000,6.00000,95.10000,0.10000,0.60000,0.05000,15.10000,0,202,265,145,475,108,7,85,268,27,32,267,135,50,4695,352,87,265,157,240,7,23,13,7,13,12,28,69,108,91,68,36,352,255,286,322,352,327,282,236,204,193,200,225,270,183,210,241,273,253,216,178,152,141,143,160,188,112,135,161,195,180,150,121,101,89,87,95,259.210,85,0,0.750130,0.000030,90.086,6.0350,0.096180,-0.000100,9.8667,41.319,22,-29.5425026,115.2112303
1.35300,0.01500,2.50000,1.05000,0,1.90000,0.02000,0.19700,0.81000,0.03000,0.17000,0.02000,0.00000,0.01000,0.53000,5.40000,6.00000,97.20000,0.30000,0.53000,0.04000,13.30000,1,202,265,145,473,108,7,84,266,27,32,266,135,50,4690,352,87,265,157,240,7,23,13,7,13,12,28,68,108,90,68,36,352,255,286,322,352,327,282,235,204,193,200,225,270,183,210,241,273,253,216,177,153,141,143,160,188,112,135,161,195,180,150,120,102,89,87,95,217.160,86,0,0.752050,0.000000,89.000,-3.2864,0.420810,0.000020,13.7995,47.886,22,-29.5505245,115.2199958
1.43400,0.02100,2.10000,1.96000,0,2.04000,0.02000,0.06900,1.58000,0.04000,0.28000,0.04000,0.00000,0.02000,0.67000,5.70000,6.10000,97.60000,0.30000,0.67000,0.04000,24.60000,0,203,266,147,476,109,6,85,269,25,30,269,134,50,4643,352,89,263,159,262,6,23,13,7,12,12,28,69,109,91,69,37,351,256,286,322,352,328,282,237,206,195,202,226,270,185,211,242,274,255,216,180,155,143,145,161,189,114,137,162,196,182,151,123,104,91,89,97,271.010,63,0,0.716560,0.000000,61.588,-5.2737,0.207160,0.000000,8.4976,79.230,1,-29.5786370,115.1910749
1.34700,0.01200,1.80000,1.11000,0,1.80000,0.03000,0.09900,0.87000,0.02000,0.17000,0.02000,0.00000,0.03000,0.66000,5.20000,5.90000,98.10000,0.10000,0.66000,0.04000,20.50000,0,203,264,149,479,110,6,86,272,25,30,271,133,51,4537,350,91,259,160,260,6,23,13,7,12,12,28,70,110,92,69,37,349,255,285,320,350,326,282,238,207,196,203,226,268,184,211,241,273,253,216,180,156,144,147,162,188,114,137,162,196,181,151,123,105,92,91,98,205.050,51,0,0.785450,0.000050,48.025,17.8115,0.000020,0.000040,12.4090,77.058,1,-29.5702112,115.1454074
1.34000,0.03100,2.40000,4.04000,0,0.74000,0.02000,0.12100,3.59000,0.05000,0.35000,0.03000,0.00000,0.02000,0.66000,6.00000,6.60000,97.40000,0.20000,0.66000,0.04000,20.20000,1,202,263,148,491,113,6,86,278,25,30,278,133,51,4513,349,91,258,159,259,6,24,14,7,12,12,29,71,113,94,71,38,347,254,283,318,349,325,281,237,207,195,203,224,267,183,209,239,272,252,215,180,156,143,147,160,187,113,136,161,195,180,150,123,105,92,91,97,319.140,46,0,0.767780,0.000000,42.443,-0.9569,0.028120,0.000000,8.9937,70.509,10,-29.6134354,115.1188745
1.39100,0.01900,2.90000,1.21000,0,2.48000,0.02000,0.07600,0.99000,0.03000,0.14000,0.03000,0.01000,0.00000,0.32000,6.10000,6.70000,95.10000,2.00000,0.32000,0.01000,18.10000,0,203,264,148,484,111,6,85,275,25,30,274,133,51,4546,350,91,259,160,260,6,23,14,7,12,12,28,71,111,93,70,37,348,255,284,319,350,326,282,238,207,195,202,226,268,184,210,240,273,253,216,181,156,143,146,162,188,114,137,162,196,181,151,124,105,92,91,98,298.780,43,0,0.749600,0.000040,42.294,15.9153,0.062610,0.000000,7.6009,78.110,22,-29.5879848,115.1286077
1.46100,0.02300,3.30000,2.34000,0,1.28000,0.02000,0.17100,1.90000,0.06000,0.33000,0.03000,0.00000,0.02000,0.50000,6.40000,6.80000,96.60000,0.10000,0.50000,0.05000,20.30000,0,202,262,149,484,112,6,87,278,24,29,276,132,51,4423,347,92,255,160,257,6,23,13,6,12,11,28,72,112,94,70,37,345,254,283,316,347,324,282,238,208,195,204,226,265,184,210,238,270,252,216,180,157,143,148,162,186,114,137,161,194,181,151,123,106,92,92,98,324.110,37,0,0.750310,0.000080,31.044,8.7190,0.092940,0.000110,9.7252,67.964,22,-29.5605089,115.0816921
1.39100,0.01200,1.30000,1.51000,0,2.65000,0.04000,0.05700,1.11000,0.02000,0.30000,0.04000,0.01000,0.03000,0.78000,5.20000,6.10000,98.60000,0.10000,0.78000,0.04000,12.50000,3,203,265,148,470,109,6,86,270,24,30,267,133,51,4566,350,90,260,160,261,6,22,13,6,12,12,27,70,109,91,67,35,349,256,285,320,350,326,283,238,207,196,203,226,269,185,211,241,273,253,217,180,156,144,146,161,189,114,138,163,196,181,152,123,105,92,90,97,227.120,40,0,0.768360,0.000000,37.092,-1.0861,0.026320,0.000000,9.1276,83.469,7,-29.4972182,115.1332600
0.68800,0.19800,21.30000,30.91000,4,1.60000,0.07000,0.00700,16.91000,0.43000,13.00000,0.50000,0.00000,0.07000,5.35000,7.60000,8.20000,59.60000,19.10000,6.35000,0.32000,91.40000,0,203,264,148,469,109,6,86,270,23,29,267,133,51,4549,349,90,259,159,260,6,22,13,6,11,12,27,70,109,91,67,35,347,256,285,319,349,326,283,238,207,195,203,226,267,185,211,241,272,254,217,180,156,143,146,161,188,114,138,163,196,182,152,123,105,92,90,97,0.000,33,0,0.785570,0.000000,35.829,7.1941,0.000060,0.000000,11.3433,83.333,20,-29.4736178,115.1117602
1.41900,0.01200,0.20000,1.05000,0,2.86000,0.02000,0.03400,0.77000,0.02000,0.21000,0.03000,0.00000,0.02000,0.56000,5.10000,6.00000,99.50000,0.20000,0.56000,0.03000,7.50000,4,203,264,148,468,108,6,85,269,24,30,265,133,51,4555,350,90,260,160,260,6,22,13,6,12,12,27,70,108,91,66,35,348,256,286,320,350,326,283,238,207,196,203,226,268,185,212,241,273,253,217,180,156,144,146,161,188,114,138,163,196,181,152,123,105,92,90,97,0.000,36,0,0.785930,0.000000,35.812,-2.8224,0.000260,0.000000,10.1629,84.939,7,-29.4634927,115.1180207
1.37600,0.01500,1.00000,1.13000,0,2.65000,0.05000,0.16800,0.84000,0.03000,0.18000,0.03000,0.02000,0.03000,0.53000,5.30000,6.00000,98.50000,0.50000,0.53000,0.03000,14.30000,0,203,264,147,456,106,5,86,265,23,30,260,134,51,4580,350,89,261,159,260,7,21,12,5,11,12,26,69,106,90,64,33,348,257,286,320,350,326,283,239,206,195,203,227,268,185,212,241,273,253,217,181,154,143,146,161,188,113,138,163,196,181,152,123,103,91,89,96,249.530,48,0,0.786000,-0.000100,45.011,-2.5269,0.110380,-0.000100,13.2667,80.231,8,-29.3557476,115.1229302
1.43800,0.02300,1.20000,1.38000,0,2.90000,0.03000,0.16100,1.04000,0.03000,0.24000,0.04000,0.00000,0.02000,0.50000,6.20000,6.70000,98.50000,0.20000,0.50000,0.03000,17.40000,0,203,263,149,472,110,6,87,273,23,29,269,132,51,4465,348,92,256,160,258,6,22,13,6,11,12,27,71,110,92,67,35,346,255,284,317,348,325,283,239,207,196,204,226,266,184,211,239,271,253,217,182,156,144,148,161,187,114,138,162,195,181,152,125,106,92,92,97,270.430,26,0,0.683730,0.000000,25.000,-1.9389,0.243570,0.000000,8.8018,89.680,7,-29.4759920,115.0796977
1.41800,0.03900,1.00000,3.34000,0,1.50000,0.02000,0.05000,2.86000,0.05000,0.36000,0.05000,0.00000,0.02000,1.49000,6.60000,6.80000,98.80000,0.20000,0.85000,0.05000,29.80000,4,203,264,149,471,110,6,87,273,23,29,269,132,51,4507,348,91,257,160,259,6,22,13,6,11,12,27,71,110,92,67,34,346,255,284,318,348,326,283,239,208,196,204,227,267,184,211,240,272,254,218,181,157,144,147,162,188,114,138,163,196,182,153,124,106,93,91,98,0.000,17,0,0.785450,0.000000,24.167,2.6725,0.000020,0.000000,15.2914,94.254,14,-29.4437434,115.0590712
1.29400,0.04700,2.70000,4.21000,0,1.19000,0.01000,0.18800,3.63000,0.07000,0.45000,0.05000,0.00000,0.00000,0.62000,7.20000,8.00000,96.80000,0.50000,0.62000,0.05000,37.20000,1,202,263,148,468,109,5,86,272,23,30,267,132,51,4509,347,90,257,160,259,7,22,12,5,11,12,27,71,109,92,66,34,345,254,284,317,347,325,282,238,207,195,203,226,266,183,211,240,271,253,216,181,156,143,146,161,187,113,138,163,195,181,151,124,105,92,90,97,1.200,39,0,0.690720,0.000210,33.595,9.9924,0.467860,0.000020,8.3408,79.987,10,-29.4109071,115.0588816
1.38400,0.02600,0.70000,1.87000,0,3.21000,0.02000,0.10700,1.50000,0.04000,0.25000,0.06000,0.01000,0.01000,0.54000,5.60000,6.20000,98.80000,0.50000,0.54000,0.04000,10.20000,2,202,262,147,466,109,5,88,270,23,30,266,133,51,4519,348,89,259,159,258,7,22,12,5,11,12,27,70,109,91,66,34,345,255,284,318,348,325,282,238,206,194,202,226,265,184,210,240,271,252,217,180,155,142,145,161,186,113,137,162,195,180,152,123,104,91,89,96,93.060,41,0,0.984780,0.000000,32.124,-1.2273,0.589560,0.000130,7.5116,82.267,8,-29.4054344,115.0897545
1.44600,0.02300,0.50000,1.18000,0,2.54000,0.02000,0.10300,0.95000,0.02000,0.16000,0.03000,0.01000,0.00000,0.49000,5.80000,6.60000,99.30000,0.20000,0.49000,0.04000,10.20000,1,201,261,148,467,109,5,88,272,23,30,266,133,51,4456,347,90,257,159,257,7,22,12,5,11,12,27,71,109,92,65,34,344,254,283,316,347,324,281,237,206,195,202,225,264,183,210,238,270,251,215,180,155,143,146,160,185,112,137,161,194,179,150,123,104,91,90,96,147.540,46,0,0.858880,0.000000,36.107,-12.4270,0.175730,0.000000,7.7133,75.733,8,-29.3825818,115.0748521
1.40400,0.03900,2.20000,2.56000,0,1.56000,0.01000,0.18200,2.18000,0.05000,0.28000,0.04000,0.00000,0.00000,0.55000,6.60000,6.90000,97.00000,0.70000,0.55000,0.05000,28.80000,1,202,262,147,463,108,5,88,269,23,30,264,133,51,4515,347,89,258,159,258,7,21,12,5,11,12,27,70,108,91,65,34,345,255,283,318,347,325,282,237,206,195,202,225,265,184,209,240,270,253,217,179,155,143,145,160,186,113,136,162,194,181,152,122,104,91,89,96,269.770,61,0,0.803390,0.000150,34.895,27.9304,0.028230,0.000110,8.9909,72.358,10,-29.3646795,115.0829246
0.92400,0.08000,5.80000,21.79000,1,0.84000,0.02000,0.05100,20.18000,0.19000,1.22000,0.18000,0.00000,0.02000,4.34000,7.20000,8.00000,91.50000,2.80000,4.34000,0.31000,192.30000,5,201,262,147,466,110,5,89,273,23,30,267,132,51,4486,346,90,256,158,257,7,21,12,5,11,12,27,71,110,92,65,33,343,254,282,316,346,324,281,237,206,194,202,225,264,183,209,239,270,252,215,179,155,142,146,160,186,112,136,162,194,180,150,122,104,91,90,96,214.350,73,11,0.648910,0.000030,47.808,0.4784,1.170190,0.000060,8.8679,51.002,10,-29.3540510,115.0487337
1.46300,0.01600,0.20000,1.46000,0,2.74000,0.00000,0.06200,0.94000,0.30000,0.18000,0.04000,0.00000,0.00000,0.70000,5.80000,6.80000,99.30000,0.50000,0.70000,0.04000,15.50000,3,203,264,148,457,107,5,87,266,23,30,261,133,51,4540,349,90,259,160,260,7,21,12,5,11,12,26,69,107,90,64,33,347,256,286,320,349,326,283,239,207,196,203,227,267,184,212,242,272,253,217,181,156,143,146,162,188,113,138,164,196,181,152,124,105,91,90,97,90.260,30,0,0.803210,0.000010,33.015,4.3979,0.046470,0.000000,11.6183,91.493,7,-29.3763475,115.1013104
1.43600,0.01300,0.50000,0.89000,0,2.25000,0.01000,0.05300,0.70000,0.02000,0.14000,0.02000,0.00000,0.00000,0.51000,5.70000,6.50000,98.80000,0.70000,0.51000,0.02000,13.10000,3,203,264,148,468,109,6,86,270,23,29,266,133,51,4541,349,90,259,160,260,6,22,13,6,11,12,27,70,109,91,66,35,347,256,285,319,349,326,283,239,207,195,203,226,267,185,211,241,272,254,217,182,156,143,146,161,188,114,138,163,196,182,152,125,105,92,90,97,1.630,34,0,0.785400,0.000120,32.861,28.4542,0.000010,0.000000,11.8964,85.474,7,-29.4538505,115.1017243
1.47200,0.01600,1.20000,1.19000,0,1.68000,0.00000,0.09300,1.00000,0.02000,0.15000,0.02000,0.00000,0.00000,0.52000,5.50000,6.60000,98.30000,0.50000,0.52000,0.04000,13.80000,1,202,265,147,466,107,6,86,266,25,31,263,134,51,4624,350,89,261,158,260,7,22,13,6,12,12,27,69,107,90,66,35,350,256,286,321,350,327,282,237,205,194,202,226,269,184,211,241,272,254,216,179,154,142,145,160,188,113,137,162,195,181,151,122,103,90,89,95,292.490,62,0,0.767690,0.000000,61.000,-0.5998,0.111610,0.000000,15.8463,63.058,22,-29.4641211,115.1590656
1.25300,0.02800,3.50000,2.42000,0,3.32000,0.01000,0.02200,1.91000,0.05000,0.37000,0.08000,0.01000,0.00000,0.70000,5.00000,5.90000,91.90000,4.70000,0.70000,0.06000,16.10000,0,203,264,148,456,106,5,86,265,23,30,260,133,51,4530,349,90,259,160,260,7,21,12,5,11,12,26,69,106,90,64,33,347,256,286,320,349,326,283,239,207,196,203,227,267,184,212,242,272,253,217,181,156,144,146,162,188,113,138,164,196,181,152,124,105,92,90,97,22.470,30,0,0.785460,0.000000,33.012,-2.2102,0.000030,0.000000,14.2941,91.852,10,-29.3518063,115.1039183
0.62000,1.71300,11.70000,7.12000,0,17.73000,0.03000,0.01200,3.05000,0.30000,2.48000,1.26000,0.00000,0.03000,2.95000,5.60000,6.30000,72.30000,16.00000,2.95000,0.22000,70.90000,1,203,264,148,456,106,5,86,265,23,30,260,133,51,4541,350,90,260,160,260,7,21,12,5,11,12,26,69,106,90,64,33,347,256,285,320,350,326,283,239,207,196,203,227,267,184,211,242,273,253,217,181,156,144,146,162,188,113,138,164,196,181,152,124,105,92,90,97,246.350,34,0,0.750170,0.000010,34.596,4.0834,0.125590,0.000010,11.2014,88.956,14,-29.3482897,115.1078969
1.45500,0.03200,2.70000,2.27000,1,1.76000,0.00000,0.18900,1.93000,0.05000,0.25000,0.04000,0.00000,0.00000,0.44000,6.60000,7.30000,96.80000,0.50000,0.44000,0.04000,31.90000,1,203,263,149,481,112,6,87,278,23,28,275,132,51,4456,347,92,255,161,258,6,23,13,6,11,11,28,72,112,94,69,36,345,254,282,316,347,324,282,239,208,196,203,225,266,184,210,239,271,252,217,182,157,144,147,161,187,114,138,162,195,181,152,125,106,93,92,98,297.200,35,0,0.625920,0.000070,27.539,5.3035,0.350460,0.000040,7.6393,49.493,10,-29.5392398,115.0566705
1.26200,0.08500,4.50000,8.23000,0,1.46000,0.01000,0.04800,6.45000,0.17000,1.48000,0.12000,0.00000,0.01000,1.22000,6.50000,6.90000,94.80000,0.70000,1.22000,0.09000,74.90000,1,203,263,149,481,112,6,87,278,23,28,275,132,51,4456,347,92,255,161,258,6,23,13,6,11,11,28,72,112,94,69,36,345,254,282,316,347,324,282,239,208,196,203,225,266,184,210,239,271,252,217,182,157,144,147,161,187,114,138,162,195,181,152,125,106,93,92,98,274.720,29,0,0.785090,0.000000,27.029,-29.6400,0.000660,0.000000,19.7286,53.297,10,-29.5363479,115.0526504
0.53800,9.50000,41.90000,24.60000,1,23.13000,2.07000,1.79300,6.99000,2.02000,7.83000,5.69000,1.31000,0.76000,4.14000,3.70000,3.90000,32.90000,25.20000,4.14000,0.24000,363.40000,3,203,264,148,476,109,6,86,271,25,30,269,134,51,4559,350,90,260,159,260,6,23,13,7,12,12,28,70,109,92,68,36,349,256,285,320,350,327,283,238,207,196,203,226,268,185,211,241,272,254,217,180,155,144,146,161,188,114,138,163,195,181,152,123,104,92,90,97,20.470,39,0,0.785330,-0.000100,42.007,-44.7640,0.000020,0.000000,12.3246,83.057,14,-29.5493710,115.1494618
1.49400,0.03600,1.40000,2.45000,0,4.90000,0.03000,0.10600,2.04000,0.03000,0.23000,0.12000,0.03000,0.00000,0.96000,5.20000,5.80000,98.40000,0.20000,0.96000,0.03000,20.90000,1,201,264,144,468,106,6,83,264,26,33,262,135,50,4689,351,86,265,156,239,7,23,13,6,13,13,28,68,106,90,66,35,349,255,286,321,351,326,281,235,203,192,199,224,267,183,211,241,273,252,215,177,152,140,142,158,186,111,136,161,195,179,149,120,101,88,86,93,161.400,102,0,0.840500,0.000000,97.195,-2.9548,0.168270,0.000030,9.6300,21.206,1,-29.4642648,115.1985724
1.40000,0.01600,1.20000,0.90000,0,3.33000,0.02000,0.18800,0.69000,0.02000,0.14000,0.03000,0.02000,0.00000,0.43000,5.30000,5.90000,98.60000,0.20000,0.43000,0.00000,15.40000,1,201,262,147,523,118,5,84,294,29,31,294,132,51,4471,347,91,256,147,257,5,27,16,9,15,11,31,73,118,98,78,42,346,252,281,316,347,323,279,235,204,194,201,224,266,183,208,237,269,251,213,178,153,143,146,161,186,114,136,159,192,179,148,121,103,92,91,98,328.600,65,0,0.749460,0.000110,62.275,19.2529,0.058440,0.000090,9.9703,150.580,4,-29.9095587,115.2381987
1.35500,0.01900,2.40000,1.20000,0,2.50000,0.02000,0.29800,0.77000,0.07000,0.31000,0.03000,0.02000,0.00000,0.45000,5.40000,6.20000,96.90000,0.70000,0.45000,0.00000,54.30000,0,201,262,147,523,118,5,84,294,29,31,294,132,51,4471,347,91,256,147,257,5,27,16,9,15,11,31,73,118,98,78,42,346,252,281,316,347,323,279,235,204,194,201,224,266,183,208,237,269,251,213,178,153,143,146,161,186,114,136,159,192,179,148,121,103,92,91,98,237.650,66,0,0.767700,0.000000,60.007,-0.9213,0.055200,0.000000,12.3183,152.852,21,-29.9137802,115.2394718
1.16000,0.07600,26.90000,6.47000,0,17.07000,0.03000,0.00700,1.48000,0.92000,2.94000,1.10000,0.02000,0.01000,0.86000,5.80000,6.70000,43.30000,29.80000,0.86000,0.05000,36.10000,1,200,261,146,524,118,5,84,295,29,31,295,132,51,4486,346,89,257,146,257,5,27,16,9,15,11,31,73,118,98,79,42,346,251,280,316,346,322,278,235,205,193,200,222,265,182,207,237,269,250,212,178,154,142,144,159,185,113,135,159,192,178,147,121,103,91,89,97,45.760,56,0,0.750400,0.000000,60.006,-14.0590,0.162020,-0.000100,12.5246,151.107,10,-29.9176100,115.2418177
1.36100,0.01700,1.60000,0.82000,0,3.66000,0.02000,0.08900,0.53000,0.06000,0.18000,0.03000,0.01000,0.00000,0.40000,5.20000,5.90000,96.90000,1.50000,0.40000,0.02000,58.30000,0,200,261,146,524,118,5,84,295,29,31,295,132,51,4486,346,89,257,146,257,5,27,16,9,15,11,31,73,118,98,79,42,346,251,280,316,346,322,278,235,205,193,200,222,265,182,207,237,269,250,212,178,154,142,144,159,185,113,135,159,192,178,147,121,103,91,89,97,307.820,72,0,0.775470,0.000020,68.000,-0.3312,0.567060,-0.000200,11.8955,140.472,10,-29.9218779,115.2438650
1.43500,0.01400,1.40000,0.86000,0,2.33000,0.04000,0.17300,0.65000,0.02000,0.13000,0.02000,0.03000,0.01000,0.48000,5.30000,5.70000,98.10000,0.50000,0.48000,0.01000,19.30000,1,198,259,144,532,119,5,82,298,30,32,298,132,51,4520,344,88,256,144,255,5,28,16,10,15,12,32,73,119,99,80,43,344,249,279,314,344,320,276,231,201,190,198,220,263,179,206,235,267,248,211,174,150,139,143,157,183,110,133,157,190,176,146,118,100,88,88,94,270.000,127,0,0.705310,0.000050,111.229,2.2513,0.407830,0.000060,8.7818,72.192,9,-29.9367551,115.2683324
1.10400,0.01900,6.80000,1.29000,0,3.10000,0.05000,0.23400,0.91000,0.05000,0.24000,0.04000,0.03000,0.02000,0.81000,5.20000,5.80000,92.20000,1.00000,0.81000,0.03000,31.40000,0,195,256,140,541,121,6,81,301,32,34,301,132,50,4582,343,84,259,140,253,6,29,17,10,16,12,33,74,121,99,81,43,343,246,276,313,342,317,273,227,197,186,194,217,262,176,202,234,264,244,208,170,146,135,139,154,181,107,129,155,187,172,143,114,96,85,84,91,247.640,172,0,0.690720,0.000260,139.990,12.9519,0.355200,0.000000,6.9635,21.919,6,-29.9449683,115.2934277
1.51700,0.01600,0.90000,0.38000,0,10.53000,0.05000,0.08200,0.18000,0.03000,0.08000,0.04000,0.02000,0.03000,0.25000,5.20000,5.80000,98.80000,0.20000,0.25000,0.00000,27.80000,0,201,262,148,521,117,5,84,293,28,30,293,132,51,4493,348,91,257,148,258,5,27,16,9,14,11,31,73,117,98,78,42,347,252,282,317,348,323,280,236,206,194,202,223,266,183,209,238,271,251,214,179,155,143,146,160,186,114,136,160,194,179,149,122,104,92,91,98,180.640,57,0,0.840280,0.000000,55.017,-0.7648,0.403480,0.000000,14.0369,162.273,10,-29.8972355,115.2309091
1.37100,0.04300,5.10000,3.23000,0,6.85000,0.02000,0.01200,1.89000,0.19000,0.91000,0.22000,0.01000,0.00000,0.61000,5.80000,6.20000,91.10000,3.70000,0.61000,0.03000,33.00000,0,201,263,146,520,117,5,83,292,29,30,292,133,51,4552,349,90,259,146,258,5,27,16,10,14,11,31,72,117,97,78,42,349,252,282,318,348,324,280,235,205,193,201,223,268,182,209,238,270,251,214,178,154,141,145,160,187,113,136,159,193,179,149,121,103,90,90,97,213.410,79,0,0.804660,0.000000,66.011,-0.7390,0.259600,0.000000,14.0720,156.326,10,-29.8837510,115.2420281
1.47300,0.01100,1.20000,0.79000,0,2.53000,0.03000,0.12600,0.60000,0.02000,0.12000,0.02000,0.02000,0.02000,0.50000,5.40000,5.90000,98.60000,0.20000,0.50000,0.02000,12.40000,1,203,267,146,516,116,5,82,289,29,30,289,135,50,4704,355,90,265,146,262,5,27,16,10,14,11,31,71,116,96,77,42,355,255,286,323,354,328,282,236,205,193,201,225,272,184,211,241,275,254,215,178,154,141,145,161,189,114,136,160,196,181,149,121,103,90,90,97,248.960,102,0,0.755530,0.000000,94.634,0.4586,0.226380,0.000000,8.1706,136.477,1,-29.8326115,115.2666649
1.36700,0.01200,1.10000,1.01000,0,1.98000,0.01000,0.09000,0.80000,0.03000,0.15000,0.02000,0.00000,0.01000,0.53000,5.20000,5.90000,98.40000,0.50000,0.53000,0.02000,19.00000,1,202,265,146,518,117,5,82,290,29,30,290,134,51,4632,352,90,262,146,261,5,27,16,10,14,11,31,72,117,96,77,42,352,254,284,322,352,327,282,236,205,193,201,225,269,184,209,241,273,253,216,178,154,141,145,161,187,114,135,160,194,180,150,121,103,90,90,97,5.040,84,0,0.767580,0.000050,82.669,3.0906,0.120210,0.000060,16.2097,143.857,7,-29.8429171,115.2503716
1.45500,0.01700,1.40000,0.48000,0,8.33000,0.02000,0.14500,0.29000,0.03000,0.10000,0.04000,0.00000,0.01000,0.26000,5.80000,6.40000,97.60000,1.00000,0.26000,0.02000,20.90000,0,202,264,147,520,117,5,83,292,29,30,292,133,50,4594,351,90,261,147,260,5,27,16,10,14,11,31,72,117,97,78,42,351,254,282,320,350,326,281,236,205,193,201,224,269,184,208,240,272,253,215,179,154,142,145,161,187,114,135,160,194,180,149,122,103,91,90,98,295.440,76,0,0.716750,0.000000,74.998,-5.4048,0.157850,0.000020,7.1607,144.430,10,-29.8602487,115.2380927
1.42200,0.01200,3.10000,0.81000,0,2.47000,0.02000,0.19600,0.61000,0.02000,0.14000,0.02000,0.00000,0.01000,0.34000,5.70000,6.20000,96.40000,0.50000,0.34000,0.00000,18.50000,0,200,263,145,521,117,5,83,292,30,31,292,133,50,4627,350,88,262,145,259,5,27,16,10,15,11,31,72,117,97,78,42,350,252,282,319,349,324,279,234,204,192,199,222,268,182,208,239,271,251,213,177,153,140,143,158,186,113,135,159,193,178,147,120,102,89,88,95,300.570,94,0,0.717120,-0.000100,98.892,-0.9850,0.247820,-0.000100,9.4622,124.319,22,-29.8983315,115.2810407
1.44100,0.01300,0.70000,1.10000,0,1.82000,0.00000,0.18700,0.86000,0.03000,0.19000,0.02000,0.00000,0.00000,0.61000,5.30000,5.90000,98.10000,1.20000,0.61000,0.03000,16.40000,0,200,263,145,521,117,5,83,292,30,31,292,133,50,4627,350,88,262,145,259,5,27,16,10,15,11,31,72,117,97,78,42,350,252,282,319,349,324,279,234,204,192,199,222,268,182,208,239,271,251,213,177,153,140,143,158,186,113,135,159,193,178,147,120,102,89,88,95,175.460,100,7,0.785370,0.000000,98.006,-2.0790,0.000020,0.000000,15.8957,128.477,22,-29.8929117,115.2812580
1.39700,0.01300,0.20000,1.11000,0,1.80000,0.01000,0.13600,0.90000,0.02000,0.16000,0.02000,0.00000,0.01000,0.55000,5.00000,5.80000,96.90000,2.90000,0.55000,0.03000,19.30000,0,200,262,145,522,118,5,83,293,30,31,293,133,50,4597,349,88,261,145,258,5,27,16,10,15,11,31,72,118,97,78,42,348,251,281,319,349,323,279,234,203,192,199,222,266,181,207,239,271,250,213,177,152,140,143,159,185,112,134,159,193,178,147,120,102,89,88,96,320.280,97,0,0.760390,0.000140,96.994,6.6656,0.301270,0.000070,7.5843,121.994,3,-29.9011215,115.2791184
1.42300,0.01100,0.40000,0.93000,0,2.15000,0.01000,0.09400,0.74000,0.02000,0.14000,0.02000,0.00000,0.01000,0.62000,5.30000,5.90000,98.40000,1.20000,0.62000,0.02000,44.90000,1,200,263,145,522,118,5,83,293,30,31,293,133,50,4595,350,89,261,145,259,5,27,16,10,15,11,31,72,118,97,78,42,350,252,281,319,349,323,278,234,203,192,200,222,268,182,207,239,271,250,212,177,152,141,144,159,186,113,134,159,193,178,147,120,102,90,89,96,113.860,88,0,0.785120,-0.000100,92.721,-24.7900,0.000080,0.000020,10.6054,132.220,3,-29.8939830,115.2720962
1.26300,0.01900,3.00000,1.30000,0,2.31000,0.02000,0.17400,1.01000,0.04000,0.20000,0.03000,0.00000,0.02000,0.77000,4.90000,5.60000,94.10000,2.90000,0.77000,0.04000,36.10000,1,197,260,141,526,118,6,83,293,31,33,293,134,50,4688,348,85,263,141,257,6,28,16,10,15,12,32,72,118,97,78,42,348,250,280,318,348,322,276,230,198,187,195,219,265,179,205,237,269,248,210,173,147,136,140,155,183,109,131,156,190,175,144,116,97,85,85,92,272.730,163,0,0.720470,0.000210,146.426,6.7967,0.277360,0.000020,8.1758,75.425,6,-29.8800130,115.3087816
1.36700,0.01500,2.40000,1.05000,0,2.86000,0.02000,0.22900,0.77000,0.04000,0.19000,0.03000,0.00000,0.01000,0.68000,5.10000,5.70000,94.60000,3.00000,0.68000,0.04000,53.60000,0,197,260,140,527,118,6,83,294,31,33,294,134,50,4682,348,84,264,140,256,6,28,16,10,15,12,32,72,118,97,79,42,348,249,280,318,346,321,275,230,198,187,195,218,266,179,205,237,267,247,209,173,147,136,139,154,184,109,131,156,189,174,144,116,97,85,84,91,267.270,172,8,0.735560,0.000160,165.301,2.5905,1.094610,-0.000100,7.8042,48.089,6,-29.8868510,115.3107888
1.43000,0.01000,0.40000,0.74000,0,2.70000,0.02000,0.06900,0.57000,0.02000,0.11000,0.02000,0.01000,0.01000,0.41000,5.10000,5.90000,98.40000,1.20000,0.41000,0.02000,19.40000,2,197,260,142,531,119,6,82,296,31,33,296,133,51,4627,346,86,260,142,255,6,28,16,10,15,12,32,73,119,98,79,43,346,248,279,315,346,321,276,229,199,188,196,219,264,178,205,235,268,248,210,172,148,137,141,155,183,109,132,156,190,175,144,116,98,86,86,92,203.990,150,0,0.697390,0.000000,146.642,-2.9469,0.781960,0.000060,9.7584,78.018,4,-29.9229168,115.3067205
0.90600,0.04600,9.90000,3.96000,0,6.96000,0.02000,0.00800,2.10000,0.38000,1.18000,0.28000,0.00000,0.02000,0.92000,6.00000,6.70000,67.10000,23.00000,0.92000,0.06000,20.50000,1,203,265,147,457,106,5,86,265,23,30,260,134,51,4596,350,89,261,159,260,7,21,12,5,11,12,26,69,106,90,64,34,348,256,286,320,350,327,283,238,206,195,203,227,268,184,212,241,273,254,217,180,154,143,146,161,188,113,138,163,196,182,152,123,103,91,89,96,264.650,36,0,0.785420,0.000000,41.804,-5.0009,0.000020,0.000000,15.1443,83.217,20,-29.3760112,115.1292122
0.82700,0.16800,7.20000,29.18000,4,0.65000,0.13000,0.01000,24.77000,0.35000,3.75000,0.19000,0.05000,0.07000,5.86000,7.50000,8.30000,76.60000,16.30000,6.86000,0.29000,137.80000,0,202,263,148,511,116,5,85,289,27,29,289,132,51,4492,349,92,257,148,259,5,26,15,9,13,11,30,72,116,97,76,41,348,254,283,318,349,325,281,237,207,195,203,225,267,184,210,239,271,253,215,180,156,143,147,162,187,115,137,161,194,181,150,123,105,92,92,99,53.000,41,0,0.785480,0.000000,44.801,-15.7790,0.000020,0.000000,11.7008,132.679,20,-29.7883728,115.1637606
1.47500,0.01400,0.20000,1.00000,0,2.00000,0.03000,0.12500,0.78000,0.03000,0.14000,0.02000,0.01000,0.02000,0.68000,4.90000,5.80000,96.00000,3.90000,0.68000,0.03000,16.20000,1,202,266,145,515,116,5,84,288,29,30,288,135,50,4739,355,89,266,145,262,5,27,16,10,14,11,31,71,116,95,77,42,355,255,285,324,355,328,282,235,204,192,200,224,271,184,210,242,275,254,215,177,153,140,144,160,188,113,135,160,195,180,149,120,102,89,89,96,0.000,113,0,0.892370,0.000070,103.768,12.6725,0.212220,0.000090,8.2151,131.431,1,-29.8302066,115.2877343
1.51700,0.01500,0.90000,1.12000,0,1.79000,0.02000,0.11300,0.89000,0.02000,0.17000,0.02000,0.02000,0.00000,0.58000,5.00000,6.00000,96.70000,2.40000,0.58000,0.04000,23.70000,1,202,265,146,520,117,5,83,292,29,30,292,134,50,4649,352,89,263,146,261,5,27,16,10,14,11,31,72,117,97,78,42,352,254,284,322,352,326,281,235,205,193,201,223,270,183,209,241,273,252,214,178,154,141,145,159,188,113,135,160,194,179,148,121,103,90,89,96,278.970,92,0,0.749770,0.000060,93.223,4.4762,0.042800,0.000040,8.4780,137.781,5,-29.8522637,115.2625992
1.45100,0.01200,0.40000,0.90000,0,2.22000,0.02000,0.10500,0.71000,0.02000,0.13000,0.02000,0.02000,0.00000,0.57000,5.00000,5.80000,98.10000,1.50000,0.57000,0.03000,10.20000,1,202,265,146,520,117,5,83,292,29,30,292,134,50,4649,352,89,263,146,261,5,27,16,10,14,11,31,72,117,97,78,42,352,254,284,322,352,326,281,235,205,193,201,223,270,183,209,241,273,252,214,178,154,141,145,159,188,113,135,160,194,179,148,121,103,90,89,96,304.380,97,0,0.714670,0.000060,94.339,4.0168,0.159210,0.000150,8.9815,135.988,7,-29.8553726,115.2636736
1.52000,0.01100,1.90000,1.12000,0,1.79000,0.03000,0.19600,0.88000,0.02000,0.17000,0.02000,0.02000,0.01000,0.60000,6.10000,6.70000,97.60000,0.50000,0.60000,0.04000,19.10000,1,201,264,145,520,117,5,83,291,29,31,291,134,50,4655,352,88,264,145,260,5,27,16,10,14,12,31,72,117,96,78,42,352,253,283,321,351,326,280,234,203,192,200,222,269,183,208,240,272,252,214,177,152,141,144,158,187,113,134,159,193,179,148,120,101,90,88,95,270.930,112,0,0.858900,0.000000,105.011,-6.2532,0.339250,0.000000,11.0185,133.762,22,-29.8609003,115.2813515
1.51000,0.01400,2.10000,0.78000,0,2.56000,0.04000,0.17200,0.58000,0.02000,0.12000,0.02000,0.03000,0.00000,0.50000,4.90000,5.60000,97.10000,0.70000,0.50000,0.03000,23.60000,1,200,263,145,520,117,5,83,291,29,31,291,134,50,4658,351,88,263,145,260,5,27,16,10,14,12,31,72,117,96,78,42,351,253,283,321,351,325,280,234,203,191,199,222,268,182,208,240,272,251,214,177,152,140,143,158,186,112,134,159,193,178,148,120,101,89,88,95,272.820,111,0,0.733360,0.000010,109.965,0.1869,0.161240,0.000040,9.4395,128.385,2,-29.8680749,115.2863218
1.48700,0.02000,0.90000,0.75000,0,2.67000,0.04000,0.18600,0.56000,0.02000,0.11000,0.02000,0.03000,0.01000,0.49000,5.00000,5.60000,98.40000,0.70000,0.49000,0.02000,24.20000,1,200,263,145,520,117,5,83,291,29,31,291,134,50,4658,351,88,263,145,260,5,27,16,10,14,12,31,72,117,96,78,42,351,253,283,321,351,325,280,234,203,191,199,222,268,182,208,240,272,251,214,177,152,140,143,158,186,112,134,159,193,178,148,120,101,89,88,95,176.580,107,0,0.732210,0.000000,106.347,-6.3123,0.075730,0.000000,7.9111,128.115,4,-29.8726647,115.2833342
1.39500,0.01600,3.80000,1.32000,0,3.03000,0.03000,0.14000,1.00000,0.05000,0.20000,0.04000,0.02000,0.01000,0.65000,4.80000,5.80000,95.00000,1.20000,0.65000,0.04000,29.80000,0,200,264,145,520,117,5,83,291,29,31,291,134,50,4668,352,88,264,145,260,5,27,16,10,14,12,31,72,117,96,78,42,352,253,283,321,351,325,280,234,203,191,199,222,269,182,208,240,272,251,213,177,152,140,143,158,187,112,134,159,193,178,147,120,101,89,88,95,285.410,113,0,0.733400,0.000000,113.944,-1.6035,0.105310,0.000070,7.3019,126.362,6,-29.8613157,115.2904123
1.52800,0.01200,0.70000,0.77000,0,3.90000,0.03000,0.13300,0.59000,0.03000,0.09000,0.03000,0.02000,0.01000,0.39000,5.10000,6.00000,97.60000,1.70000,0.39000,0.03000,21.10000,0,201,264,145,519,117,6,82,290,30,32,290,135,50,4688,353,88,265,145,260,6,27,16,10,14,12,31,71,117,96,77,42,353,253,284,321,352,326,280,234,203,191,199,222,270,182,209,239,272,252,213,176,152,140,143,158,187,112,134,158,193,179,147,119,101,89,88,95,270.000,112,0,0.767760,0.000000,109.600,1.1740,0.036030,0.000000,10.2482,131.050,4,-29.8550165,115.2854374
1.41800,0.01200,0.70000,0.67000,0,2.99000,0.04000,0.20000,0.48000,0.02000,0.11000,0.02000,0.03000,0.01000,0.51000,5.10000,6.00000,98.90000,0.50000,0.51000,0.03000,17.20000,1,202,266,145,517,116,5,82,289,29,31,289,135,50,4704,354,89,265,145,261,5,27,16,10,14,12,31,71,116,96,77,42,354,255,285,323,353,328,281,235,204,192,200,224,271,184,210,241,273,254,214,177,153,140,144,160,188,113,135,160,194,180,148,120,102,89,89,96,351.180,108,0,0.681620,0.000000,104.556,-2.2413,0.247180,0.000020,7.6055,134.216,7,-29.8414335,115.2858455
1.43600,0.01300,0.40000,1.57000,0,1.27000,0.04000,0.12500,1.28000,0.02000,0.21000,0.02000,0.03000,0.01000,0.78000,5.10000,5.90000,98.20000,1.40000,0.78000,0.04000,16.30000,1,201,264,146,518,117,5,82,290,29,30,290,134,50,4662,352,89,263,146,261,5,27,16,10,14,11,31,72,117,96,77,42,352,254,284,322,352,326,281,235,204,192,200,223,269,183,209,241,273,252,215,177,153,141,144,159,187,113,135,160,194,179,149,120,102,90,89,96,258.970,102,0,0.787960,0.000010,100.000,1.6265,0.388570,0.000000,14.2580,136.667,22,-29.8555806,115.2733378
1.54200,0.00000,0.90000,0.59000,0,1.69000,0.04000,0.16800,0.43000,0.02000,0.09000,0.01000,0.03000,0.00000,0.34000,5.20000,6.00000,98.90000,0.20000,0.34000,0.03000,34.50000,0,202,266,145,517,116,5,82,289,29,31,289,135,50,4704,354,89,265,145,261,5,27,16,10,14,12,31,71,116,96,77,42,354,255,285,323,353,328,281,235,204,192,200,224,271,184,210,241,273,254,214,177,153,140,144,160,188,113,135,160,194,180,148,120,102,89,89,96,358.450,107,0,0.785390,0.000010,104.986,4.8697,0.000050,0.000000,17.8343,136.891,3,-29.8398436,115.2884807
1.44600,0.01400,2.80000,1.45000,0,2.07000,0.03000,0.21100,1.10000,0.04000,0.25000,0.03000,0.02000,0.01000,0.63000,5.40000,6.10000,96.70000,0.50000,0.63000,0.04000,148.40000,0,197,257,144,535,120,5,83,300,29,32,300,131,51,4448,342,88,254,144,253,5,28,17,9,15,12,32,74,120,100,80,43,342,248,278,312,342,318,276,231,202,191,197,220,262,179,206,234,265,246,211,174,151,140,142,157,183,111,134,157,189,175,146,118,101,89,88,95,245.760,94,0,0.696520,0.000110,89.226,8.9691,0.186030,0.000000,8.7939,78.811,5,-29.9540877,115.2431332
1.42700,0.01000,0.40000,1.41000,0,2.84000,0.04000,0.06300,1.11000,0.02000,0.20000,0.04000,0.02000,0.02000,0.93000,4.80000,5.80000,99.30000,0.20000,0.93000,0.03000,58.90000,4,199,260,145,526,119,5,84,296,29,31,296,132,51,4502,345,89,256,145,256,5,27,16,9,15,11,31,73,119,98,79,43,345,250,280,315,345,321,277,233,202,192,199,221,264,180,207,236,268,249,211,176,151,141,144,158,184,111,134,158,191,177,146,119,101,90,89,96,312.040,95,0,0.750020,0.000000,90.425,5.4177,0.051520,0.000000,9.4588,107.308,7,-29.9312683,115.2538941
1.49400,0.01100,1.70000,0.66000,0,3.03000,0.03000,0.23400,0.46000,0.03000,0.12000,0.02000,0.03000,0.00000,0.36000,5.40000,6.10000,97.80000,0.50000,0.36000,0.04000,103.30000,0,196,256,143,537,120,5,83,301,30,33,301,131,51,4439,341,88,253,143,252,5,28,17,9,16,12,32,74,120,100,81,43,340,247,277,311,341,317,274,230,201,189,197,219,260,178,205,233,265,245,209,173,150,138,142,157,181,110,133,156,189,174,144,117,100,88,88,95,48.220,125,0,0.785970,0.000080,107.790,8.7326,0.057020,0.000000,9.8674,42.378,4,-29.9741376,115.2493714
1.37800,0.02200,0.40000,1.52000,0,3.29000,0.03000,0.25600,1.20000,0.04000,0.20000,0.05000,0.01000,0.02000,0.53000,5.60000,6.30000,98.60000,1.00000,0.53000,0.03000,47.70000,1,197,257,144,538,121,5,84,302,30,33,302,131,51,4433,341,88,253,144,253,5,28,17,9,16,12,32,74,121,100,81,43,340,247,277,311,341,317,275,230,201,190,198,219,261,178,205,233,265,245,210,173,150,139,143,157,182,110,133,156,189,174,145,117,100,88,88,95,354.870,104,0,0.859060,0.000000,99.120,-4.4052,0.334560,0.000030,10.9281,59.371,10,-29.9719796,115.2377520
1.43800,0.00000,0.90000,0.52000,0,1.92000,0.03000,0.23800,0.36000,0.02000,0.10000,0.01000,0.02000,0.01000,0.32000,5.20000,5.90000,98.60000,0.50000,0.32000,0.02000,23.30000,0,202,266,145,516,116,5,82,289,29,30,289,135,50,4714,354,89,265,145,261,5,27,16,10,14,11,31,71,116,96,77,42,354,255,285,323,353,328,282,235,204,192,200,223,271,184,210,241,273,254,215,177,153,140,144,159,188,113,135,160,194,180,149,120,102,89,89,96,102.990,104,0,0.771820,0.000000,100.312,-5.6178,0.130750,-0.000100,7.0350,136.124,4,-29.8360794,115.2800173
1.41800,0.03800,7.40000,3.98000,0,8.14000,0.04000,0.01500,1.53000,0.50000,1.59000,0.32000,0.03000,0.02000,0.56000,5.70000,6.60000,79.40000,13.20000,0.56000,0.04000,31.30000,1,200,261,146,524,118,5,84,295,29,31,295,132,51,4486,346,89,257,146,257,5,27,16,9,15,11,31,73,118,98,79,42,346,251,280,316,346,322,278,235,205,193,200,222,265,182,207,237,269,250,212,178,154,142,144,159,185,113,135,159,192,178,147,121,103,91,89,97,356.780,68,0,0.803380,-0.000200,65.001,-15.6960,0.099630,-0.000200,15.2861,142.507,10,-29.9234496,115.2433205
1.41700,0.01100,0.90000,1.09000,0,1.83000,0.04000,0.10700,0.84000,0.03000,0.16000,0.02000,0.02000,0.02000,0.54000,5.00000,6.00000,97.60000,1.50000,0.54000,0.04000,46.70000,1,203,265,147,501,114,5,85,282,27,29,282,135,51,4629,353,90,263,147,261,5,25,15,9,13,11,30,71,114,94,74,40,353,256,286,323,352,328,283,237,206,194,202,225,270,185,211,242,273,254,217,179,155,142,146,161,188,114,136,161,195,181,151,122,104,91,90,97,287.690,74,0,0.768720,0.000000,76.262,-5.4924,0.080090,0.000000,8.1043,102.361,2,-29.7485917,115.2272070
1.25700,0.02400,5.10000,1.59000,0,2.52000,0.05000,0.21800,1.15000,0.06000,0.29000,0.04000,0.03000,0.02000,0.89000,5.00000,5.80000,94.40000,0.50000,0.89000,0.05000,28.30000,1,191,254,135,542,120,7,80,299,33,36,299,133,50,4672,342,79,263,135,250,7,30,17,10,16,13,33,74,120,99,80,43,342,244,275,311,341,316,269,223,192,180,189,213,260,174,200,230,262,242,203,166,142,130,134,149,178,104,126,150,184,169,138,110,92,80,79,86,294.460,266,4,0.631050,0.000230,217.720,8.8062,0.441240,0.000320,7.8298,0.000,6,-29.9059713,115.3257304
1.51700,0.01200,0.70000,0.65000,0,1.54000,0.04000,0.15800,0.47000,0.02000,0.11000,0.01000,0.03000,0.01000,0.44000,5.30000,6.10000,98.60000,0.70000,0.44000,0.03000,18.30000,1,202,266,145,516,116,6,81,287,30,32,287,135,50,4711,354,89,265,145,262,6,27,16,10,14,12,31,71,116,95,76,42,354,255,285,324,353,328,281,235,204,192,200,224,271,184,210,242,273,254,214,177,153,140,144,160,188,113,135,160,194,180,148,120,102,89,89,96,304.610,114,0,0.785360,0.000000,105.012,-11.8470,0.000020,0.000000,15.7456,138.347,22,-29.8386480,115.2937067
1.46800,0.01700,0.70000,1.16000,0,1.72000,0.02000,0.14900,0.91000,0.02000,0.19000,0.02000,0.00000,0.01000,0.68000,5.60000,6.40000,99.10000,0.20000,0.68000,0.04000,13.90000,1,202,265,145,517,116,6,81,288,30,32,288,135,50,4717,354,88,266,145,261,6,27,16,10,14,12,31,71,116,95,77,42,354,254,285,323,352,327,281,234,203,191,200,223,271,183,210,241,273,253,215,177,152,140,144,159,188,113,135,159,194,179,149,120,101,89,88,95,274.860,115,0,0.733290,0.000000,111.000,-10.4330,0.654360,0.000000,16.4335,133.089,21,-29.8480829,115.2941777
1.54400,0.02500,1.10000,1.00000,0,2.00000,0.04000,0.09200,0.77000,0.02000,0.15000,0.02000,0.02000,0.02000,0.67000,5.80000,6.50000,97.10000,1.70000,0.67000,0.04000,41.20000,0,201,264,144,518,116,6,82,289,30,32,289,135,50,4711,353,88,265,144,260,6,27,16,10,14,12,31,71,116,96,77,42,353,254,284,322,352,326,280,234,202,191,199,222,270,183,209,240,272,252,213,176,151,139,143,158,187,112,134,159,193,179,147,119,101,88,88,95,275.030,114,0,0.803450,0.000000,114.913,1.1378,0.105360,0.000000,15.5689,127.649,5,-29.8540278,115.2947908
1.45400,0.01300,1.10000,0.74000,0,2.70000,0.03000,0.07200,0.54000,0.03000,0.12000,0.02000,0.02000,0.02000,0.54000,5.00000,6.00000,96.20000,2.70000,0.54000,0.04000,38.70000,0,200,263,143,518,116,6,81,288,31,33,288,135,50,4700,352,86,266,143,259,6,27,16,10,15,12,31,71,116,95,77,42,352,252,283,321,351,324,279,232,201,189,198,222,269,181,208,239,271,250,213,175,150,138,142,158,186,111,133,158,192,177,147,118,99,87,86,94,331.500,129,0,0.804600,0.000000,134.006,-10.5310,0.155660,0.000000,11.4878,104.642,22,-29.8635840,115.3187792
1.45500,0.01000,0.20000,0.90000,0,2.22000,0.03000,0.08700,0.71000,0.02000,0.12000,0.02000,0.02000,0.02000,0.54000,4.80000,5.70000,99.60000,0.20000,0.54000,0.04000,17.50000,2,198,262,141,524,117,6,82,291,31,33,291,134,50,4711,349,85,264,141,258,6,28,16,10,15,12,32,72,117,96,78,42,349,250,281,319,349,324,277,231,199,188,196,220,266,179,206,238,270,250,211,174,148,137,140,156,184,109,132,157,191,176,145,117,98,86,85,92,314.910,138,5,0.611850,0.000020,132.955,0.8556,0.478880,0.000000,7.9018,95.926,2,-29.8669962,115.3125417
1.19400,0.02000,1.90000,1.19000,0,3.36000,0.04000,0.15700,0.89000,0.03000,0.19000,0.04000,0.03000,0.02000,0.72000,4.80000,5.60000,95.90000,2.20000,0.72000,0.03000,43.10000,1,200,264,144,519,117,6,82,290,30,32,290,134,50,4723,352,87,265,144,260,6,27,16,10,14,12,31,71,117,96,77,42,352,252,284,321,351,326,279,233,202,190,198,221,269,181,209,240,272,252,213,176,151,139,142,157,186,111,134,159,193,178,147,119,100,88,87,94,273.290,144,0,0.627640,0.000270,127.668,10.7071,0.323260,0.000110,6.8868,94.801,6,-29.8665493,115.3065346
1.57800,0.01000,0.40000,0.65000,0,3.08000,0.03000,0.10900,0.46000,0.02000,0.12000,0.02000,0.01000,0.02000,0.45000,4.90000,5.70000,99.10000,0.50000,0.45000,0.02000,30.30000,1,202,267,146,515,115,6,83,286,30,32,286,135,50,4739,355,89,266,146,262,6,27,16,10,14,12,31,71,115,95,76,42,355,255,286,324,355,329,282,235,204,192,201,224,271,184,211,242,275,255,215,177,153,140,145,160,188,113,136,160,195,181,149,120,102,89,89,96,167.380,107,0,0.791050,0.000050,106.033,9.6054,0.174940,0.000000,7.2667,128.587,6,-29.8222077,115.2943483
1.66700,0.01500,3.40000,0.55000,0,9.09000,0.03000,0.19200,0.27000,0.03000,0.17000,0.05000,0.01000,0.02000,0.24000,5.20000,5.90000,95.10000,1.50000,0.24000,0.02000,35.50000,0,202,266,145,516,116,6,81,287,30,32,287,135,50,4711,354,89,265,145,262,6,27,16,10,14,12,31,71,116,95,76,42,354,255,285,324,353,328,281,235,204,192,200,224,271,184,210,242,273,254,214,177,153,140,144,160,188,113,135,160,194,180,148,120,102,89,89,96,136.160,111,0,0.785370,0.000010,105.017,7.0377,0.000020,-0.000100,14.5067,137.601,10,-29.8347388,115.2935248
1.47300,0.01000,0.90000,0.88000,0,2.27000,0.03000,0.18100,0.70000,0.01000,0.12000,0.02000,0.02000,0.01000,0.46000,5.20000,5.90000,98.80000,0.20000,0.46000,0.03000,18.00000,0,200,263,145,521,117,5,83,292,30,31,292,133,50,4627,350,88,262,145,259,5,27,16,10,15,11,31,72,117,97,78,42,350,252,282,319,349,324,279,234,204,192,199,222,268,182,208,239,271,251,213,177,153,140,143,158,186,113,135,159,193,178,147,120,102,89,88,95,16.150,99,0,0.803200,0.000000,97.246,-1.4091,0.026350,0.000020,8.7233,124.667,7,-29.8969060,115.2782796
1.49600,0.01100,0.70000,1.14000,0,1.75000,0.03000,0.15000,0.90000,0.02000,0.17000,0.02000,0.00000,0.02000,0.73000,5.00000,5.90000,98.80000,0.50000,0.73000,0.04000,14.20000,2,201,264,145,520,117,5,83,292,29,30,292,134,51,4643,351,89,262,145,260,5,27,16,10,14,11,31,72,117,97,78,42,351,253,283,321,351,325,280,234,203,192,200,223,269,183,209,240,272,251,214,177,152,140,144,160,187,113,135,159,193,178,148,120,102,89,89,97,0.000,113,0,0.803200,0.000020,97.792,0.5238,0.025660,0.000050,8.5506,131.853,7,-29.8678349,115.2706940
1.48700,0.01400,1.20000,1.12000,0,2.68000,0.03000,0.12000,0.86000,0.02000,0.18000,0.03000,0.01000,0.02000,0.82000,4.90000,5.80000,98.40000,0.50000,0.82000,0.03000,51.30000,2,201,264,145,520,117,5,83,292,29,30,292,134,51,4643,351,89,262,145,260,5,27,16,10,14,11,31,72,117,97,78,42,351,253,283,321,351,325,280,234,203,192,200,223,269,183,209,240,272,251,214,177,152,140,144,160,187,113,135,159,193,178,148,120,102,89,89,97,0.000,107,0,0.913260,0.000000,99.895,-2.8892,0.352560,0.000000,8.0409,132.177,7,-29.8717651,115.2745499
1.51000,0.01000,0.40000,1.06000,0,1.89000,0.03000,0.10000,0.85000,0.02000,0.14000,0.02000,0.00000,0.03000,0.59000,5.10000,5.90000,99.10000,0.50000,0.59000,0.04000,9.00000,1,201,264,145,520,117,5,83,292,29,30,292,134,50,4643,352,89,263,145,260,5,27,16,10,14,11,31,72,117,97,78,42,352,253,283,320,351,326,281,235,203,192,200,223,269,182,209,239,272,252,215,178,152,141,144,159,187,112,135,159,194,179,149,121,102,90,89,96,0.000,104,0,0.771680,0.000130,95.136,8.6954,0.155060,0.000020,7.8618,134.966,7,-29.8660068,115.2668332
1.36200,0.01300,0.70000,0.76000,0,3.95000,0.04000,0.07900,0.55000,0.02000,0.12000,0.03000,0.02000,0.02000,0.64000,5.00000,5.90000,98.90000,0.50000,0.64000,0.04000,10.40000,3,201,264,146,520,117,5,83,292,29,30,292,134,51,4618,351,89,262,146,259,5,27,16,10,14,11,31,72,117,97,78,42,351,254,283,320,351,326,281,235,204,193,200,223,268,183,209,239,272,253,215,178,153,142,144,159,186,113,135,159,194,180,149,121,102,91,89,96,273.010,93,0,0.768990,0.000120,92.868,6.1090,0.076340,0.000130,7.9048,134.725,7,-29.8654611,115.2630745
1.48800,0.01400,1.10000,1.01000,0,1.98000,0.03000,0.14600,0.80000,0.02000,0.14000,0.02000,0.00000,0.03000,0.60000,5.00000,5.80000,97.90000,1.00000,0.60000,0.04000,26.10000,1,201,264,145,520,117,5,83,292,29,30,292,134,50,4643,352,89,263,145,260,5,27,16,10,14,11,31,72,117,97,78,42,352,253,283,320,351,326,281,235,203,192,200,223,269,182,209,239,272,252,215,178,152,141,144,159,187,112,135,159,194,179,149,121,102,90,89,96,270.000,104,0,0.750320,0.000000,99.764,-3.2923,0.071940,0.000000,8.4447,133.127,2,-29.8644593,115.2726777
1.50700,0.00000,2.40000,0.95000,0,2.11000,0.03000,0.18500,0.71000,0.03000,0.16000,0.02000,0.00000,0.03000,0.53000,4.90000,5.90000,96.90000,0.70000,0.53000,0.04000,14.40000,1,201,264,145,520,117,5,83,291,29,31,291,134,50,4655,352,88,264,145,260,5,27,16,10,14,12,31,72,117,96,78,42,352,253,283,321,351,326,280,234,203,192,200,222,269,183,208,240,272,252,214,177,152,141,144,158,187,113,134,159,193,179,148,120,101,90,88,95,249.950,105,0,0.788050,0.000050,102.927,5.0123,0.093460,0.000060,7.1665,130.741,2,-29.8616747,115.2756966
1.46000,0.01100,1.60000,0.87000,0,2.30000,0.04000,0.14900,0.65000,0.02000,0.14000,0.02000,0.02000,0.02000,0.48000,5.00000,6.00000,97.40000,1.00000,0.48000,0.03000,24.20000,0,201,264,145,520,117,5,83,291,29,31,291,134,50,4655,352,88,264,145,260,5,27,16,10,14,12,31,72,117,96,78,42,352,253,283,321,351,326,280,234,203,192,200,222,269,183,208,240,272,252,214,177,152,141,144,158,187,113,134,159,193,179,148,120,101,90,88,95,270.000,103,0,0.785410,0.000000,104.689,-7.1770,0.000020,0.000010,10.3378,132.690,2,-29.8607299,115.2786630
1.46400,0.01300,1.40000,0.91000,0,2.20000,0.03000,0.13100,0.70000,0.02000,0.14000,0.02000,0.01000,0.02000,0.52000,5.20000,5.90000,97.60000,1.00000,0.52000,0.04000,17.40000,1,201,265,145,517,117,5,82,290,29,30,290,135,51,4682,353,89,264,145,261,5,27,16,10,14,11,31,71,117,96,77,42,353,253,283,322,352,327,281,234,204,192,200,224,270,182,208,240,273,253,215,177,153,140,144,160,187,112,134,159,194,179,149,120,102,89,89,96,314.280,109,0,0.785540,0.000030,105.194,3.6579,0.000060,0.000000,12.0208,131.115,2,-29.8582584,115.2787158
1.43900,0.01100,2.30000,0.88000,0,2.27000,0.04000,0.10600,0.66000,0.02000,0.14000,0.02000,0.02000,0.03000,0.64000,5.00000,5.90000,97.20000,0.50000,0.64000,0.05000,48.00000,1,195,258,139,536,119,6,82,297,32,35,297,133,50,4648,345,83,262,139,233,6,29,16,10,16,13,33,73,119,98,80,43,345,247,278,315,344,319,273,228,196,184,193,217,263,177,203,234,265,246,207,171,146,133,138,154,181,107,129,154,187,173,142,114,96,83,83,91,277.630,193,0,0.515960,-0.000100,193.129,-1.4394,1.075630,-0.000100,8.4974,44.675,2,-29.9068937,115.3124484
1.46100,0.01600,0.70000,1.01000,0,2.97000,0.04000,0.11800,0.78000,0.02000,0.14000,0.03000,0.02000,0.02000,0.61000,4.90000,5.90000,98.80000,0.50000,0.61000,0.04000,12.30000,2,197,259,142,531,119,6,82,296,31,33,296,133,51,4601,346,86,260,142,255,6,28,16,10,15,12,32,73,119,98,79,43,346,249,279,315,346,320,275,230,199,188,196,219,264,179,205,235,268,247,209,173,148,137,141,156,183,110,132,156,190,175,144,116,98,87,86,93,356.840,130,0,0.786060,-0.000300,130.000,-27.0970,0.334720,-0.000100,18.7438,91.451,7,-29.9257241,115.3033054
1.45800,0.01000,1.20000,0.77000,0,2.60000,0.04000,0.15400,0.57000,0.02000,0.12000,0.02000,0.03000,0.02000,0.42000,4.90000,5.90000,98.60000,0.20000,0.42000,0.02000,32.70000,1,197,260,142,531,119,6,82,296,31,33,296,133,51,4627,346,86,260,142,255,6,28,16,10,15,12,32,73,119,98,79,43,346,248,279,315,346,321,276,229,199,188,196,219,264,178,205,235,268,248,210,172,148,137,141,155,183,109,132,156,190,175,144,116,98,86,86,92,253.740,129,0,0.909880,0.000000,130.473,-0.8548,0.783410,-0.000200,8.7244,91.097,4,-29.9225641,115.3017432
1.37100,0.01400,3.60000,0.98000,0,3.06000,0.04000,0.13400,0.71000,0.03000,0.17000,0.03000,0.02000,0.02000,0.57000,5.20000,6.00000,96.10000,0.20000,0.57000,0.04000,42.80000,0,197,260,143,532,119,6,82,297,31,33,297,133,51,4596,346,87,259,143,256,6,28,16,10,15,12,32,73,119,98,80,43,346,249,279,315,346,321,276,230,200,189,197,219,265,179,206,235,268,248,210,173,149,138,142,156,184,110,133,156,190,175,145,117,99,87,87,94,256.220,157,4,0.617550,0.000300,128.182,5.6586,0.835400,0.000300,7.9347,19.901,6,-29.9322819,115.2913031
1.39500,0.01600,2.90000,0.89000,0,3.37000,0.07000,0.12100,0.62000,0.03000,0.14000,0.03000,0.05000,0.03000,0.57000,5.00000,5.90000,96.40000,0.70000,0.57000,0.03000,83.90000,0,197,258,142,534,119,6,82,298,31,33,298,133,51,4566,345,85,260,142,255,6,28,17,10,15,12,32,73,119,99,80,43,345,248,278,315,344,319,275,230,200,189,196,219,264,178,204,236,266,246,209,173,149,138,140,156,183,109,131,157,189,174,144,117,99,87,85,93,233.130,155,0,0.771620,-0.000100,128.593,-3.4817,0.380610,0.000000,12.3648,35.822,6,-29.9342707,115.2895081
1.37300,0.01800,1.10000,1.01000,0,2.97000,0.04000,0.15500,0.75000,0.03000,0.16000,0.03000,0.03000,0.01000,0.58000,5.50000,6.20000,97.90000,1.00000,0.58000,0.04000,14.30000,1,203,266,146,475,108,6,85,268,26,31,267,135,51,4693,353,89,264,158,241,6,23,13,7,13,12,28,69,108,91,68,37,353,256,287,323,353,328,283,237,205,194,202,225,271,184,212,242,274,254,217,179,153,142,145,160,189,113,137,162,196,181,151,122,102,90,89,96,222.860,87,0,0.894410,0.000190,74.904,9.7960,0.323750,0.000000,8.9482,75.416,7,-29.5871005,115.2244847
1.45500,0.01800,2.40000,0.98000,0,2.04000,0.04000,0.18300,0.74000,0.03000,0.15000,0.02000,0.03000,0.01000,0.58000,5.40000,6.40000,97.10000,0.50000,0.58000,0.05000,14.80000,1,202,265,145,476,108,7,84,266,28,32,266,135,50,4705,352,87,265,156,240,7,24,13,8,13,12,28,68,108,90,68,37,352,255,286,323,352,328,282,235,204,192,200,225,269,183,210,242,273,254,216,177,153,140,143,160,187,112,135,161,195,180,150,120,102,89,87,95,283.150,97,0,0.785290,0.000050,98.121,0.1596,0.000050,0.000120,14.3282,56.013,22,-29.5823773,115.2390710
1.45900,0.01400,2.10000,1.09000,0,1.83000,0.05000,0.10400,0.82000,0.03000,0.17000,0.02000,0.03000,0.02000,0.59000,5.10000,5.70000,97.20000,0.70000,0.59000,0.04000,19.70000,0,200,265,143,481,108,7,82,268,28,33,268,136,50,4764,352,85,267,143,260,7,24,14,8,13,13,29,68,108,91,69,37,352,255,285,322,352,327,280,233,202,190,198,223,269,183,209,240,273,253,213,175,151,138,141,157,187,111,134,159,194,179,147,118,100,87,85,92,261.690,117,0,0.736170,0.000040,96.182,1.5853,0.216760,0.000060,8.5353,36.975,22,-29.5800087,115.2510141
1.48200,0.01200,0.40000,1.17000,0,2.56000,0.03000,0.03400,0.90000,0.02000,0.19000,0.03000,0.02000,0.02000,0.49000,5.00000,5.90000,98.90000,0.70000,0.49000,0.02000,11.40000,3,203,265,148,507,115,5,84,286,27,29,286,134,51,4577,352,91,261,148,260,5,26,15,9,13,11,30,71,115,96,75,41,351,255,285,320,352,327,283,237,206,195,203,225,269,185,211,240,273,254,217,180,155,143,147,161,188,115,137,161,195,181,151,123,104,92,91,98,289.370,63,0,0.767730,0.000030,63.755,5.5124,0.051460,0.000090,11.9788,117.659,3,-29.7676221,115.2059102
1.37100,0.01300,0.50000,0.98000,0,3.06000,0.03000,0.02700,0.74000,0.02000,0.16000,0.03000,0.02000,0.02000,0.61000,5.10000,5.70000,98.80000,0.70000,0.61000,0.02000,12.70000,3,203,266,148,502,114,5,85,283,27,29,283,134,51,4621,352,91,261,148,261,5,25,15,9,13,11,30,71,114,95,74,40,351,255,285,322,352,328,283,237,206,195,203,225,269,184,211,242,274,255,217,179,155,143,147,161,188,114,137,162,196,182,151,122,104,92,91,98,260.430,62,0,0.768960,0.000000,59.000,-1.3887,0.161060,0.000000,11.6507,110.778,3,-29.7402014,115.2025309
1.42400,0.02000,0.50000,0.97000,0,3.09000,0.01000,0.09100,0.72000,0.04000,0.17000,0.03000,0.00000,0.01000,0.49000,5.90000,6.60000,99.00000,0.50000,0.49000,0.03000,11.30000,1,203,266,148,495,113,5,84,280,26,29,280,134,51,4607,353,91,262,148,261,5,25,15,8,13,11,29,70,113,94,73,39,353,255,285,322,352,328,283,237,207,195,203,226,271,184,210,241,273,254,217,179,155,143,147,162,189,114,136,161,195,181,151,122,104,92,91,98,9.250,74,0,0.750140,0.000000,57.725,-1.5682,0.130650,0.000010,11.3919,100.914,7,-29.7121259,115.2047585
1.41800,0.01700,1.00000,1.63000,0,2.45000,0.03000,0.06900,1.25000,0.04000,0.27000,0.04000,0.01000,0.02000,0.30000,5.30000,6.00000,98.30000,0.70000,0.30000,0.03000,11.90000,4,190,251,135,555,123,7,80,307,34,37,307,131,50,4545,337,79,258,135,227,7,31,17,10,17,13,34,75,123,101,83,44,337,241,272,307,336,312,267,222,192,180,188,211,256,172,199,228,258,239,202,166,142,129,134,149,176,103,126,150,181,167,137,110,92,79,80,87,317.030,234,0,0.573850,0.000000,212.852,-2.0765,0.588210,0.000010,8.1209,25.990,4,-29.9938336,115.3327581
1.10000,0.02000,5.20000,1.37000,0,2.19000,0.08000,0.21100,0.98000,0.05000,0.23000,0.03000,0.05000,0.03000,0.81000,5.20000,6.00000,94.10000,0.70000,0.81000,0.05000,23.90000,0,188,250,133,559,124,7,81,310,34,37,310,131,50,4577,335,77,258,133,225,7,31,17,10,17,13,34,76,124,102,84,44,335,240,269,305,335,310,266,220,189,179,186,210,255,171,196,226,258,237,201,164,139,129,131,147,175,102,124,148,181,165,136,108,90,79,77,85,134.340,262,0,0.910090,0.000000,222.937,-7.8604,0.253940,0.000100,7.8846,3.650,6,-30.0062985,115.3288487
1.46200,0.01200,1.20000,0.91000,0,2.20000,0.02000,0.07400,0.72000,0.03000,0.12000,0.02000,0.00000,0.02000,0.39000,5.50000,6.10000,97.30000,1.50000,0.39000,0.03000,22.40000,0,203,266,147,478,109,6,85,269,26,31,269,134,50,4686,353,90,263,158,262,6,23,14,7,13,12,28,69,109,91,69,37,352,256,287,323,353,328,283,237,205,193,202,225,270,184,212,242,275,254,217,179,154,141,146,160,189,113,137,162,197,181,151,122,103,90,90,96,46.980,70,0,0.785370,0.000000,69.735,-16.4750,0.000020,0.000070,14.0117,80.982,22,-29.5982813,115.2138302
1.34200,0.02100,1.00000,1.44000,0,2.08000,0.03000,0.06300,1.17000,0.02000,0.19000,0.03000,0.01000,0.02000,0.76000,5.40000,6.00000,98.30000,0.70000,0.76000,0.04000,14.10000,1,203,266,147,477,109,6,85,269,26,31,269,134,50,4646,352,89,263,159,241,6,23,13,7,13,12,28,69,109,91,69,37,351,256,286,323,352,328,282,237,206,195,202,226,269,184,211,243,274,255,216,179,155,143,145,161,188,113,137,163,196,182,151,122,104,91,89,97,236.580,70,0,0.714290,0.000000,62.590,-1.0747,0.105780,0.000000,7.8117,78.598,9,-29.5830111,115.1929169
1.19400,0.34500,5.00000,2.21000,0,5.00000,0.02000,0.05200,1.00000,0.14000,0.93000,0.11000,0.00000,0.02000,0.75000,5.70000,6.10000,92.20000,2.80000,0.75000,0.06000,67.20000,0,203,267,145,478,108,6,84,267,27,31,267,136,51,4745,354,88,266,145,263,6,24,14,8,13,12,29,68,108,90,69,37,354,256,287,325,354,329,283,236,204,193,201,226,271,184,211,243,275,255,216,178,152,141,144,161,189,113,136,162,196,181,150,121,101,89,88,96,163.240,81,10,0.643620,0.000020,86.816,3.3630,0.357100,-0.000100,8.6841,65.810,14,-29.6243022,115.2599053
1.48300,0.01700,1.20000,0.89000,0,5.62000,0.05000,0.04200,0.60000,0.04000,0.15000,0.05000,0.03000,0.02000,0.35000,5.10000,5.70000,96.80000,2.00000,0.35000,0.02000,27.10000,0,203,266,147,485,110,6,84,272,27,31,272,135,51,4684,353,89,264,147,262,6,24,14,8,13,12,29,69,110,92,70,38,353,256,287,324,353,328,283,237,205,194,202,226,271,184,212,243,274,254,217,179,154,142,145,161,189,113,137,162,196,181,151,122,103,90,89,96,331.670,82,0,0.750450,0.000050,75.080,17.3368,0.080000,0.000020,11.7510,72.459,22,-29.6349095,115.2269298
1.42400,0.01100,0.50000,0.81000,0,2.47000,0.03000,0.05700,0.63000,0.02000,0.11000,0.02000,0.03000,0.00000,0.45000,5.50000,6.10000,98.80000,0.70000,0.45000,0.03000,10.30000,1,204,266,148,487,111,6,84,274,27,31,274,135,51,4659,354,90,264,148,262,6,24,14,8,13,12,29,69,111,92,71,38,354,257,287,324,353,329,284,237,206,195,203,226,271,186,212,243,274,255,218,179,155,143,146,161,189,115,137,162,196,182,152,122,104,91,90,97,202.490,68,0,0.769110,0.000000,65.188,-32.4980,0.068000,0.000000,7.4113,88.310,7,-29.6759743,115.2358497
1.38300,0.01700,1.20000,0.89000,0,2.25000,0.03000,0.06000,0.68000,0.02000,0.14000,0.02000,0.02000,0.00000,0.54000,5.10000,5.80000,97.30000,1.50000,0.54000,0.03000,19.00000,0,203,267,146,491,111,6,84,275,28,31,275,135,50,4719,354,89,265,146,262,6,25,14,9,13,12,29,69,111,92,72,39,354,256,287,324,354,329,283,236,205,193,202,225,271,184,212,242,275,255,216,178,154,141,145,160,189,113,137,161,196,181,150,121,103,90,89,96,254.710,80,0,0.732000,0.000030,77.660,2.0238,0.079750,0.000090,8.1324,89.278,22,-29.6949392,115.2514126
1.40100,0.01500,1.00000,1.14000,0,2.63000,0.03000,0.07100,0.84000,0.03000,0.21000,0.03000,0.00000,0.03000,0.53000,5.10000,6.00000,97.60000,1.40000,0.53000,0.04000,30.40000,0,203,266,147,483,109,6,83,270,27,31,270,135,50,4701,354,89,265,147,263,6,24,14,8,13,12,29,69,109,91,70,38,353,256,287,324,354,328,283,236,205,194,202,226,271,184,212,243,275,254,217,178,154,142,145,161,189,113,137,162,196,181,151,121,103,90,89,96,247.510,80,0,0.785540,0.000000,75.611,-7.1226,0.000080,0.000000,13.3953,73.995,20,-29.6295938,115.2268381
1.33500,0.01600,1.70000,1.18000,0,1.69000,0.03000,0.14700,0.91000,0.03000,0.19000,0.02000,0.00000,0.03000,0.60000,5.20000,5.80000,96.50000,1.70000,0.60000,0.03000,23.90000,1,196,260,140,526,118,6,83,293,31,33,293,134,50,4723,349,83,266,140,257,6,28,16,10,15,12,32,72,118,97,78,42,349,249,280,318,347,321,276,229,197,187,194,218,266,178,205,237,268,247,210,172,146,136,138,154,183,108,131,156,189,174,144,115,96,85,83,91,357.510,185,0,0.577620,0.000000,156.554,0.5876,0.543460,0.000000,7.3312,50.548,6,-29.8807805,115.3208297
1.14000,0.02900,4.40000,1.67000,0,2.99000,0.04000,0.18400,1.29000,0.05000,0.24000,0.05000,0.02000,0.03000,0.87000,5.10000,5.80000,94.10000,1.50000,0.87000,0.04000,22.00000,0,195,257,140,534,119,6,82,297,32,34,297,133,51,4605,344,84,260,140,233,6,29,16,10,16,12,32,73,119,98,80,43,344,248,278,315,344,319,273,227,197,186,194,217,262,178,204,235,265,246,207,170,147,135,139,154,181,108,130,155,187,173,142,114,97,84,84,91,226.530,169,5,0.841710,0.000000,168.065,-0.2413,0.591380,-0.000100,8.0453,80.073,6,-29.9387224,115.3284557
1.37700,0.01200,1.00000,0.75000,0,2.67000,0.03000,0.10700,0.57000,0.02000,0.11000,0.02000,0.00000,0.03000,0.47000,5.10000,6.00000,98.30000,0.70000,0.47000,0.03000,11.50000,1,195,257,140,538,120,6,82,299,32,34,299,132,50,4600,343,84,259,140,253,6,29,17,10,16,12,32,74,120,99,80,43,343,246,277,313,343,318,273,227,197,185,194,217,262,176,203,233,265,245,208,170,147,134,139,154,181,107,130,154,187,173,143,114,97,84,84,91,360.000,176,0,0.679210,-0.000100,144.511,-6.4789,0.282800,0.000000,9.2560,41.373,4,-29.9415581,115.3046425
1.27800,0.02000,5.50000,1.22000,0,3.28000,0.03000,0.16500,0.88000,0.04000,0.23000,0.04000,0.02000,0.02000,0.66000,5.30000,6.00000,93.80000,0.70000,0.66000,0.04000,36.50000,0,195,257,141,540,121,6,81,301,32,34,301,132,51,4542,343,85,258,141,253,6,29,17,10,16,12,32,74,121,99,81,43,343,247,277,313,342,318,273,228,198,187,195,217,262,178,204,234,264,245,207,171,148,136,140,154,181,109,131,155,187,173,142,115,98,85,85,92,227.180,165,5,0.771570,-0.000100,138.168,-12.7180,0.190400,-0.000100,8.8951,28.948,6,-29.9453864,115.2901881
1.38500,0.02000,0.20000,1.62000,0,4.32000,0.03000,0.06100,1.22000,0.04000,0.26000,0.07000,0.00000,0.03000,0.99000,4.70000,5.90000,98.80000,1.00000,0.99000,0.04000,10.20000,1,188,250,134,562,125,7,82,312,34,37,312,131,50,4526,335,78,257,134,246,7,31,18,10,17,13,34,76,125,103,84,44,335,239,269,305,334,310,266,221,191,180,187,211,255,170,196,227,257,238,201,165,141,130,132,149,175,102,124,149,181,166,136,109,91,80,78,87,218.470,238,0,0.795440,0.000000,223.456,-0.7188,0.501730,0.000150,10.3616,7.825,7,-30.0154412,115.3071825
1.23300,0.02600,2.20000,1.51000,0,2.65000,0.06000,0.18500,1.18000,0.03000,0.20000,0.04000,0.03000,0.03000,0.92000,5.10000,5.90000,96.50000,1.20000,0.92000,0.04000,29.60000,1,188,249,134,563,125,7,82,312,34,37,312,131,51,4487,333,78,255,134,245,7,31,18,10,17,13,34,77,125,103,84,44,333,239,269,304,333,310,266,220,191,180,187,211,253,170,196,226,256,238,201,164,141,130,132,149,174,102,124,149,180,166,136,109,91,80,78,87,349.760,247,0,0.786080,0.000200,215.550,32.0356,0.048000,0.000150,9.0719,0.943,6,-30.0123300,115.2954260
1.40300,0.01600,0.90000,1.52000,0,1.97000,0.04000,0.09600,1.20000,0.02000,0.23000,0.03000,0.01000,0.03000,0.68000,4.90000,5.70000,98.60000,0.50000,0.68000,0.02000,26.90000,3,191,252,138,553,123,6,81,308,33,35,308,130,51,4461,336,82,254,138,228,6,30,17,10,17,12,33,76,123,102,83,44,336,242,272,306,336,312,268,225,195,184,191,214,257,173,200,229,259,240,203,169,145,133,136,152,178,105,128,152,183,169,139,113,95,83,82,90,317.490,184,0,0.830600,0.000000,170.259,-5.1802,0.438610,0.000200,9.4581,34.750,1,-30.0037753,115.2711180
1.41400,0.02000,1.70000,1.30000,0,2.31000,0.03000,0.16000,1.04000,0.02000,0.18000,0.03000,0.01000,0.02000,0.75000,4.90000,5.80000,97.60000,0.70000,0.75000,0.04000,28.00000,1,193,253,140,548,122,6,83,307,31,34,307,130,51,4443,338,84,254,140,250,6,29,17,9,16,12,33,75,122,102,83,44,337,244,274,308,338,314,271,227,198,186,193,216,257,175,202,231,262,242,206,171,148,135,138,154,178,107,130,154,186,171,141,115,98,85,84,92,296.220,158,3,0.574800,0.000050,150.404,1.7011,0.701650,0.000000,8.9002,58.445,4,-30.0069070,115.2602305
1.42100,0.01400,1.60000,1.46000,0,1.37000,0.03000,0.08700,1.21000,0.02000,0.18000,0.02000,0.00000,0.02000,0.66000,4.90000,5.70000,98.10000,0.20000,0.66000,0.03000,18.90000,1,203,266,146,502,113,6,84,281,28,31,281,135,50,4685,354,89,265,146,262,6,26,15,9,13,12,30,70,113,94,74,40,354,256,286,323,354,329,282,236,205,193,201,225,271,185,211,241,274,255,215,178,154,141,145,161,189,114,136,160,195,181,149,121,103,90,89,97,271.880,99,0,0.771660,0.000020,93.541,2.8828,0.207600,0.000000,9.3220,93.335,1,-29.7498657,115.2537997
1.30200,0.01300,0.70000,0.84000,0,2.38000,0.02000,0.11500,0.66000,0.02000,0.12000,0.02000,0.00000,0.02000,0.49000,5.10000,5.90000,98.80000,0.50000,0.49000,0.03000,10.90000,1,191,252,137,554,123,6,81,308,33,36,308,131,51,4506,337,81,256,137,228,6,30,17,10,17,13,33,76,123,102,83,44,337,243,272,308,336,313,269,224,194,183,190,213,257,174,199,230,259,241,204,168,144,133,135,151,177,105,127,152,183,169,139,112,94,83,81,89,0.460,201,0,0.736170,-0.000200,179.591,-7.3867,0.336300,0.000070,10.7313,20.128,4,-29.9858260,115.2902003
1.48400,0.01100,1.60000,0.67000,0,2.99000,0.03000,0.13900,0.48000,0.02000,0.12000,0.02000,0.00000,0.03000,0.31000,5.20000,5.80000,97.40000,1.00000,0.31000,0.02000,17.30000,0,194,254,142,543,122,5,83,305,30,33,305,131,51,4421,339,86,253,142,251,5,29,17,9,16,12,32,75,122,101,82,43,338,245,274,309,339,315,271,228,199,189,195,217,258,176,202,232,263,243,206,171,148,138,140,155,179,108,131,155,187,172,142,115,98,87,86,93,279.880,136,0,0.588620,-0.000100,133.524,-5.0523,1.038940,0.000060,9.5905,65.985,4,-29.9989686,115.2569287
1.45100,0.01400,2.10000,1.14000,0,1.75000,0.02000,0.09700,0.91000,0.02000,0.17000,0.02000,0.00000,0.02000,0.46000,5.00000,5.90000,97.40000,0.50000,0.46000,0.02000,24.70000,1,203,266,147,500,113,6,84,280,28,31,280,135,51,4698,354,90,264,147,262,6,25,15,9,13,12,30,70,113,94,73,40,354,256,286,324,354,328,283,236,205,193,202,225,271,185,211,242,275,254,217,178,154,141,146,160,189,114,136,161,196,181,151,121,103,90,90,96,317.180,87,0,0.733340,-0.000100,84.501,-12.5680,0.193530,0.000000,10.3574,92.738,2,-29.7318182,115.2475167
1.44800,0.01300,0.70000,1.08000,0,1.85000,0.02000,0.09100,0.87000,0.02000,0.15000,0.02000,0.00000,0.02000,0.74000,5.10000,5.90000,98.90000,0.50000,0.74000,0.04000,13.20000,2,203,267,146,506,114,6,82,283,29,31,283,135,50,4701,355,89,266,146,262,6,26,15,10,13,12,30,70,114,94,75,41,355,255,286,323,354,329,282,236,205,193,201,225,272,184,211,241,274,255,215,178,154,141,145,161,189,114,136,160,195,181,149,121,103,90,89,97,188.020,92,0,0.733420,0.000000,92.534,1.3276,0.159350,0.000020,9.3904,99.818,4,-29.7628270,115.2514146
1.44900,0.01400,0.70000,1.29000,0,1.55000,0.02000,0.10200,1.06000,0.03000,0.16000,0.02000,0.00000,0.02000,0.63000,5.20000,6.00000,98.90000,0.50000,0.63000,0.04000,15.50000,1,203,266,147,508,115,5,83,285,28,30,285,135,50,4681,355,90,265,147,262,5,26,15,10,13,12,30,71,115,95,75,41,355,255,286,323,354,328,282,236,205,193,202,225,272,184,211,241,274,254,215,178,154,141,146,161,189,114,136,160,195,181,149,121,103,90,90,97,296.490,97,0,0.786120,0.000000,94.005,-17.1760,0.098670,-0.000100,12.6377,104.996,22,-29.7715852,115.2573437
1.39600,0.01900,3.40000,1.31000,0,2.29000,0.04000,0.16000,0.90000,0.05000,0.29000,0.03000,0.02000,0.02000,0.67000,5.20000,5.90000,95.90000,0.70000,0.67000,0.04000,36.60000,1,195,255,142,543,121,5,82,304,31,33,304,131,51,4441,340,86,254,142,251,5,29,17,10,16,12,32,75,121,101,82,43,339,246,275,310,340,316,273,229,199,188,196,217,259,177,203,232,263,244,208,172,148,137,141,155,180,109,131,155,187,172,143,116,98,87,86,93,62.070,122,9,0.857300,-0.000300,115.390,-42.4990,0.396170,0.000000,13.5477,57.009,4,-29.9758409,115.2573845
1.40500,0.02100,1.60000,2.18000,0,0.92000,0.02000,0.09200,1.94000,0.03000,0.17000,0.02000,0.02000,0.00000,0.39000,6.30000,6.80000,97.90000,0.50000,0.39000,0.03000,20.00000,0,202,263,148,512,117,5,85,290,26,29,290,132,51,4475,348,91,257,148,258,5,26,15,8,13,11,30,73,117,97,76,41,347,253,281,317,348,324,281,237,207,195,202,224,266,184,208,239,271,252,215,180,156,144,146,161,186,115,136,161,194,180,150,123,105,93,91,98,284.050,62,0,0.611850,0.000220,43.562,17.4261,0.460620,0.000250,7.7074,108.248,10,-29.7798162,115.1422186
1.08000,0.13100,18.10000,18.12000,4,1.18000,0.04000,0.01600,14.74000,0.40000,2.73000,0.21000,0.03000,0.01000,4.76000,7.60000,8.40000,58.70000,23.20000,4.76000,0.15000,103.60000,0,203,264,149,507,116,5,85,288,26,29,288,132,51,4509,349,92,257,149,260,5,25,15,8,13,11,30,72,116,97,75,40,348,254,283,318,349,325,281,238,207,196,203,225,268,184,210,240,272,253,215,181,156,144,147,162,188,115,137,162,195,181,150,124,106,93,92,99,112.460,42,0,0.785530,0.000000,43.040,-37.2660,0.000040,0.000000,12.0707,128.244,20,-29.7752658,115.1568222
1.43800,0.01200,1.40000,0.74000,0,2.70000,0.01000,0.06100,0.55000,0.03000,0.13000,0.02000,0.00000,0.01000,0.20000,5.70000,6.30000,98.20000,0.50000,0.20000,0.02000,21.60000,1,202,263,148,511,116,5,85,289,27,29,289,132,51,4492,349,92,257,148,259,5,26,15,9,13,11,30,72,116,97,76,41,348,254,283,318,349,325,281,237,207,195,203,225,267,184,210,239,271,253,215,180,156,143,147,162,187,115,137,161,194,181,150,123,105,92,92,99,248.750,45,0,0.785720,0.000000,44.695,-1.2106,0.000130,0.000000,10.1589,130.668,1,-29.7837863,115.1615905
1.49000,0.01300,1.10000,0.84000,0,2.38000,0.04000,0.07300,0.62000,0.02000,0.14000,0.02000,0.03000,0.01000,0.43000,5.00000,5.90000,98.40000,0.50000,0.43000,0.03000,12.40000,1,202,264,148,511,116,5,85,289,27,29,289,133,51,4541,351,91,260,148,260,5,26,15,9,13,11,30,72,116,97,76,41,350,254,283,319,351,325,282,237,207,195,202,225,268,184,210,239,273,252,216,180,156,143,146,161,187,115,137,160,195,180,150,123,105,92,91,98,226.350,50,0,0.859110,0.000040,57.123,1.5494,0.160400,0.000010,7.2461,133.003,9,-29.8036289,115.1924799
1.45100,0.01500,1.20000,0.62000,0,3.23000,0.03000,0.15500,0.45000,0.02000,0.10000,0.02000,0.02000,0.01000,0.35000,6.50000,7.30000,98.40000,0.50000,0.35000,0.02000,18.40000,1,197,260,140,527,118,6,83,294,31,33,294,134,50,4682,348,84,264,140,256,6,28,16,10,15,12,32,72,118,97,79,42,348,249,280,318,346,321,275,230,198,187,195,218,266,179,205,237,267,247,209,173,147,136,139,154,184,109,131,156,189,174,144,116,97,85,84,91,278.070,175,0,0.575930,-0.000100,175.601,-3.0087,1.567320,0.000000,10.9593,42.268,9,-29.8902682,115.3113110
1.44700,0.01200,3.60000,0.95000,0,2.11000,0.04000,0.08200,0.73000,0.02000,0.14000,0.02000,0.03000,0.01000,0.37000,5.70000,6.30000,95.20000,1.20000,0.37000,0.03000,30.00000,0,203,266,148,501,114,5,85,282,27,29,282,134,51,4621,353,91,262,148,261,5,25,15,9,13,11,30,71,114,94,74,40,353,255,285,322,352,328,283,237,206,194,203,226,271,184,210,241,273,255,216,180,155,142,147,162,189,114,136,161,195,182,150,123,104,91,91,98,226.560,75,0,0.750430,0.000000,72.005,-5.2548,0.218880,0.000030,14.0354,101.380,3,-29.7362608,115.2240846
1.44600,0.01400,0.90000,0.64000,0,3.13000,0.02000,0.12200,0.47000,0.02000,0.11000,0.02000,0.01000,0.01000,0.36000,5.80000,6.70000,98.60000,0.50000,0.36000,0.02000,21.30000,1,194,254,142,542,122,5,83,305,30,33,305,130,51,4381,337,86,251,142,250,5,28,17,9,16,12,32,75,122,101,82,43,337,245,274,308,337,314,272,229,200,188,195,217,258,177,202,231,261,243,207,173,149,137,140,155,180,109,131,155,186,172,143,117,99,87,86,94,267.000,129,0,0.696390,0.000060,115.250,6.7544,0.167930,0.000000,8.2672,85.034,7,-30.0108542,115.2449335
1.25800,0.33900,1.60000,0.87000,0,0.00000,0.02000,0.04800,0.40000,0.04000,0.41000,0.00000,0.02000,0.00000,0.46000,6.10000,6.60000,97.90000,0.50000,0.46000,0.03000,22.30000,0,195,253,142,541,121,5,82,304,30,33,304,130,52,4352,337,87,250,142,250,5,28,17,9,16,12,32,75,121,101,82,43,337,246,274,308,337,313,272,229,200,189,196,218,258,178,203,232,261,242,207,172,149,138,141,156,180,110,132,156,186,172,143,116,99,88,87,94,246.480,110,0,0.700860,0.000000,108.000,-1.4369,0.356860,0.000000,9.5828,93.653,14,-30.0122036,115.2405856
1.43200,0.01400,1.20000,0.87000,0,3.45000,0.03000,0.11400,0.63000,0.02000,0.16000,0.03000,0.02000,0.01000,0.43000,5.50000,6.60000,98.10000,0.70000,0.43000,0.02000,12.00000,1,203,266,147,502,114,5,85,283,27,29,283,135,51,4661,353,90,263,147,262,5,25,15,9,13,11,30,71,114,95,74,40,353,256,285,323,353,328,283,237,206,194,202,225,271,185,210,242,274,254,217,179,154,142,146,161,189,114,136,161,195,181,151,122,103,91,90,97,274.090,78,0,0.821180,0.000080,74.860,10.3715,0.038040,0.000070,7.8581,99.127,3,-29.7499856,115.2235015
1.45000,0.01200,0.70000,0.60000,0,3.33000,0.04000,0.06900,0.43000,0.01000,0.10000,0.02000,0.02000,0.02000,0.33000,5.40000,6.10000,98.60000,0.70000,0.33000,0.02000,13.30000,2,203,265,147,507,115,5,84,286,27,29,286,134,51,4614,352,91,261,147,261,5,26,15,9,13,11,30,71,115,96,75,41,352,255,284,321,352,327,282,237,206,194,202,225,270,184,210,240,273,254,216,179,155,142,146,161,188,114,136,160,195,181,150,122,104,91,91,97,295.200,70,0,0.768230,0.000040,70.687,12.2964,0.024550,0.000020,8.5284,117.255,7,-29.7801659,115.2127405
1.51000,0.01000,1.50000,0.70000,0,2.86000,0.04000,0.05600,0.50000,0.02000,0.12000,0.02000,0.03000,0.01000,0.35000,5.60000,6.50000,97.00000,1.50000,0.35000,0.03000,18.20000,0,203,265,148,510,116,5,84,288,27,29,288,133,51,4577,351,91,260,148,260,5,26,15,9,13,11,30,72,116,96,76,41,350,255,283,321,351,327,282,237,206,195,202,225,268,185,209,241,273,254,216,180,155,143,146,161,187,115,136,161,195,181,150,123,104,92,91,98,303.280,64,0,0.785420,0.000040,63.994,11.3163,0.000010,0.000000,13.0312,132.149,22,-29.8047205,115.2037172
1.47600,0.01300,3.30000,1.10000,0,2.73000,0.05000,0.11500,0.81000,0.04000,0.17000,0.03000,0.03000,0.02000,0.45000,5.30000,6.10000,96.00000,0.70000,0.45000,0.03000,24.90000,0,202,265,147,511,116,5,84,288,27,29,288,134,51,4622,352,91,261,147,261,5,26,16,9,13,11,30,72,116,96,76,41,352,255,284,321,352,327,282,237,206,194,202,224,270,184,210,240,273,254,216,179,155,142,146,160,188,114,136,160,195,181,150,122,104,91,91,97,270.000,69,0,0.785370,0.000000,72.016,-19.1860,0.000090,0.000000,19.3769,129.571,22,-29.8036825,115.2196874
