Bio10,Bio11,Bio12,Bio13,Bio14,Bio15,Bio16,Bio17,Bio18,Bio19,Bio1,Bio2,Bio3,Bio4,Bio5,Bio6,Bio7,Bio8,Bio9,Elevation,Slope,Aspect,AWC,BDW,Clay,ECEC,Tot_N,Tot_P,Silt,Sand,SOC,PhC,An_Hill,CS_Curve,BaseChan,ConInd,LSFact,LnCurve,TopWet,ValDepth,Prec10,Prec11,Prec12,Prec1,Prec2,Prec3,Prec4,Prec5,Prec6,Prec7,Prec8,Prec9,Tmax10,Tmax11,Tmax12,Tmax1,Tmax2,Tmax3,Tmax4,Tmax5,Tmax6,Tmax7,Tmax8,Tmax9,Tmean10,Tmean11,Tmean12,Tmean1,Tmean2,Tmean3,Tmean4,Tmean5,Tmean6,Tmean7,Tmean8,Tmean9,Tmin10,Tmin11,Tmin12,Tmin1,Tmin2,Tmin3,Tmin4,Tmin5,Tmin6,Tmin7,Tmin8,Tmin9,DER,DES,Class,Latitude,Longitude
286.000,231.000,1505.000,367.000,2.000,109.000,1036.000,18.000,361.000,18.000,265.000,96.000,57.000,2196.000,338.000,170.000,168.000,278.000,231.000,308.000,3.399,81.870,15.591,1.475,12.928,3.921,0.096,0.020,3.258,83.079,1.716,4.867,0.69792,-0.00050,301.150,-2.5594,0.38889,-0.00050,9.7587,19.409,50.00,124.00,187.00,367.00,366.00,303.00,40.00,37.00,5.00,11.00,2.00,13.00,329.00,338.00,336.00,321.00,318.00,322.00,323.00,303.00,283.00,278.00,292.00,313.00,279.00,290.00,291.00,279.00,277.00,278.00,274.00,254.00,232.00,224.00,237.00,260.00,230.00,243.00,246.00,238.00,236.00,235.00,226.00,205.00,181.00,170.00,182.00,207.00,13.1026,0.68523,A,-14.7999300,125.8342800
284.000,225.000,1481.000,360.000,2.000,109.000,1011.000,20.000,361.000,20.000,261.000,100.000,57.000,2335.000,337.000,162.000,175.000,275.000,225.000,394.000,0.746,18.435,15.942,1.481,13.289,3.563,0.098,0.021,3.429,82.552,1.679,4.923,0.78485,0.00007,385.002,2.9039,0.00053,-0.00020,12.5154,1.873,49.00,122.00,190.00,360.00,357.00,294.00,42.00,34.00,6.00,12.00,2.00,13.00,329.00,337.00,335.00,321.00,317.00,320.00,320.00,299.00,278.00,274.00,289.00,311.00,277.00,287.00,288.00,277.00,274.00,275.00,270.00,248.00,225.00,218.00,232.00,256.00,225.00,238.00,241.00,233.00,231.00,230.00,221.00,198.00,173.00,162.00,175.00,201.00,12.4795,0.78153,A,-14.9342400,125.9377400
287.000,228.000,1476.000,361.000,2.000,109.000,1014.000,19.000,668.000,19.000,264.000,100.000,57.000,2302.000,340.000,166.000,174.000,277.000,228.000,343.000,3.282,129.289,15.521,1.472,13.591,3.846,0.103,0.021,3.470,82.060,1.768,4.952,0.78546,0.00045,339.223,0.7114,0.00005,0.00045,10.5680,36.398,48.00,120.00,187.00,361.00,357.00,296.00,41.00,35.00,6.00,11.00,2.00,12.00,331.00,340.00,338.00,323.00,319.00,322.00,324.00,303.00,282.00,278.00,292.00,313.00,279.00,291.00,291.00,280.00,276.00,277.00,274.00,252.00,229.00,222.00,235.00,258.00,228.00,242.00,244.00,237.00,234.00,233.00,224.00,201.00,176.00,166.00,178.00,204.00,11.2649,0.71329,A,-14.9703100,125.8594200
287.000,228.000,1476.000,361.000,2.000,109.000,1014.000,19.000,668.000,19.000,264.000,100.000,57.000,2302.000,340.000,166.000,174.000,277.000,228.000,341.000,1.056,63.435,15.293,1.457,14.867,4.222,0.105,0.024,3.338,81.166,2.044,5.041,0.80229,0.00001,339.918,-5.2379,0.27406,0.00052,5.3594,36.840,48.00,120.00,187.00,361.00,357.00,296.00,41.00,35.00,6.00,11.00,2.00,12.00,331.00,340.00,338.00,323.00,319.00,322.00,324.00,303.00,282.00,278.00,292.00,313.00,279.00,291.00,291.00,280.00,276.00,277.00,274.00,252.00,229.00,222.00,235.00,258.00,228.00,242.00,244.00,237.00,234.00,233.00,224.00,201.00,176.00,166.00,178.00,204.00,14.3921,0.86698,A,-14.9717100,125.8590900
286.000,228.000,1462.000,357.000,2.000,109.000,1002.000,19.000,355.000,19.000,263.000,101.000,57.000,2299.000,340.000,165.000,175.000,277.000,228.000,350.000,0.943,125.538,15.371,1.481,13.001,3.639,0.096,0.023,3.113,80.568,1.733,4.961,0.83134,-0.00030,349.192,-10.3640,0.27177,0.00015,13.3488,20.702,48.00,120.00,187.00,357.00,354.00,291.00,41.00,33.00,6.00,11.00,2.00,12.00,332.00,340.00,337.00,323.00,319.00,323.00,323.00,302.00,281.00,277.00,292.00,313.00,280.00,290.00,289.00,279.00,275.00,277.00,273.00,251.00,228.00,221.00,235.00,257.00,228.00,240.00,242.00,236.00,232.00,232.00,223.00,200.00,175.00,165.00,178.00,202.00,13.4961,0.86248,A,-14.9327000,125.9596500
285.000,225.000,1471.000,358.000,2.000,109.000,1006.000,19.000,358.000,19.000,262.000,100.000,56.000,2385.000,339.000,163.000,176.000,276.000,225.000,353.000,2.749,26.565,15.754,1.477,14.602,3.944,0.102,0.025,3.356,80.548,1.873,5.018,0.74057,0.00000,351.367,-0.2478,0.15326,-0.00020,10.3598,21.314,49.00,121.00,188.00,358.00,356.00,292.00,42.00,34.00,6.00,11.00,2.00,12.00,331.00,339.00,336.00,323.00,318.00,322.00,322.00,300.00,279.00,274.00,289.00,312.00,279.00,289.00,289.00,279.00,275.00,276.00,272.00,249.00,226.00,218.00,232.00,257.00,227.00,239.00,242.00,235.00,232.00,231.00,222.00,199.00,174.00,163.00,176.00,202.00,12.2216,0.78869,A,-14.9319400,125.9572100
284.000,224.000,1484.000,361.000,2.000,109.000,1015.000,19.000,360.000,19.000,260.000,100.000,56.000,2353.000,338.000,162.000,176.000,274.000,224.000,383.000,4.343,334.799,14.667,1.510,14.192,4.622,0.082,0.027,3.446,82.030,1.927,4.934,0.37079,-0.00100,361.109,-5.5289,3.13961,0.00171,9.3153,9.261,49.00,121.00,190.00,361.00,358.00,296.00,42.00,35.00,6.00,11.00,2.00,13.00,329.00,338.00,335.00,320.00,317.00,320.00,321.00,299.00,278.00,273.00,288.00,311.00,277.00,288.00,287.00,276.00,274.00,274.00,271.00,248.00,225.00,217.00,231.00,256.00,225.00,238.00,240.00,233.00,231.00,229.00,221.00,198.00,173.00,162.00,175.00,201.00,9.4341,0.69937,A,-14.9666800,125.8928800
284.000,231.000,1425.000,365.000,2.000,112.000,1005.000,19.000,311.000,19.000,264.000,93.000,57.000,2116.000,334.000,173.000,161.000,277.000,231.000,292.000,4.172,189.462,15.258,1.469,14.666,4.349,0.105,0.021,3.434,81.475,1.910,4.924,0.92963,-0.00070,293.237,-8.3471,1.13994,0.00106,7.0552,5.044,41.00,101.00,169.00,365.00,353.00,287.00,40.00,40.00,6.00,11.00,2.00,10.00,326.00,334.00,332.00,319.00,316.00,320.00,321.00,302.00,282.00,277.00,289.00,310.00,278.00,288.00,288.00,278.00,276.00,278.00,274.00,254.00,233.00,225.00,236.00,259.00,231.00,243.00,245.00,238.00,236.00,236.00,228.00,207.00,184.00,173.00,184.00,208.00,18.2230,0.70310,A,-14.6390400,125.7877400
286.000,226.000,1406.000,346.000,2.000,109.000,962.000,19.000,643.000,19.000,262.000,103.000,57.000,2384.000,342.000,162.000,180.000,277.000,226.000,348.000,2.749,15.255,15.666,1.520,14.169,3.697,0.092,0.024,3.405,81.275,1.455,4.990,0.80238,0.00081,343.171,20.5087,0.26915,0.00032,5.2470,0.000,45.00,113.00,184.00,346.00,342.00,274.00,42.00,30.00,6.00,11.00,2.00,11.00,333.00,342.00,339.00,325.00,321.00,324.00,323.00,301.00,280.00,276.00,292.00,314.00,279.00,290.00,290.00,280.00,276.00,277.00,272.00,249.00,226.00,219.00,234.00,257.00,226.00,239.00,242.00,235.00,232.00,231.00,222.00,198.00,173.00,162.00,176.00,201.00,19.5187,0.87140,A,-14.9067300,126.1281700
285.000,224.000,1427.000,350.000,2.000,109.000,974.000,20.000,348.000,20.000,261.000,102.000,56.000,2412.000,340.000,160.000,180.000,275.000,224.000,379.000,3.725,185.711,15.232,1.502,14.166,4.089,0.101,0.027,3.431,81.996,1.983,5.029,0.89079,0.00017,325.709,3.4999,0.39245,0.00059,6.3815,0.000,47.00,115.00,186.00,350.00,346.00,278.00,42.00,32.00,6.00,12.00,2.00,11.00,331.00,340.00,337.00,322.00,319.00,322.00,321.00,299.00,278.00,273.00,289.00,311.00,278.00,289.00,288.00,277.00,275.00,275.00,270.00,247.00,225.00,216.00,231.00,255.00,225.00,238.00,240.00,233.00,231.00,229.00,220.00,196.00,172.00,160.00,174.00,200.00,12.0092,0.67904,A,-14.8907100,126.1027500
289.000,235.000,1377.000,359.000,1.000,114.000,983.000,17.000,291.000,17.000,268.000,92.000,57.000,2146.000,338.000,177.000,161.000,280.000,235.000,295.000,17.691,38.660,15.606,1.521,14.044,6.130,0.077,0.028,3.397,82.453,1.632,5.124,1.07723,0.00012,207.976,-2.5328,2.22780,0.00243,4.9894,0.000,37.00,93.00,161.00,359.00,345.00,279.00,38.00,39.00,6.00,10.00,1.00,9.00,330.00,338.00,336.00,322.00,319.00,322.00,325.00,306.00,286.00,280.00,293.00,313.00,283.00,293.00,293.00,282.00,280.00,280.00,278.00,258.00,237.00,228.00,240.00,263.00,236.00,248.00,250.00,243.00,241.00,239.00,232.00,211.00,188.00,177.00,188.00,213.00,6.5962,0.59770,A,-14.6160700,125.8006200
285.000,231.000,1439.000,365.000,2.000,112.000,1011.000,19.000,319.000,19.000,264.000,93.000,57.000,2162.000,335.000,173.000,162.000,277.000,231.000,302.000,2.357,165.964,15.644,1.509,13.341,4.218,0.089,0.020,3.445,82.750,1.794,4.990,0.78549,0.00006,276.736,13.4453,0.00006,-0.00020,9.8705,0.019,42.00,105.00,172.00,365.00,356.00,290.00,40.00,39.00,6.00,11.00,2.00,11.00,326.00,335.00,334.00,319.00,316.00,320.00,322.00,302.00,282.00,277.00,290.00,310.00,278.00,289.00,290.00,278.00,276.00,278.00,275.00,254.00,232.00,225.00,236.00,259.00,231.00,243.00,246.00,238.00,236.00,236.00,228.00,207.00,183.00,173.00,183.00,208.00,17.0154,0.79745,A,-14.6609800,125.7976900
285.000,231.000,1439.000,365.000,2.000,112.000,1011.000,19.000,319.000,19.000,264.000,93.000,57.000,2162.000,335.000,173.000,162.000,277.000,231.000,302.000,3.001,315.000,15.301,1.493,12.989,4.547,0.086,0.022,3.394,83.084,1.832,5.003,0.76786,-0.00030,273.320,-5.0475,0.39420,0.00083,5.2853,0.000,42.00,105.00,172.00,365.00,356.00,290.00,40.00,39.00,6.00,11.00,2.00,11.00,326.00,335.00,334.00,319.00,316.00,320.00,322.00,302.00,282.00,277.00,290.00,310.00,278.00,289.00,290.00,278.00,276.00,278.00,275.00,254.00,232.00,225.00,236.00,259.00,231.00,243.00,246.00,238.00,236.00,236.00,228.00,207.00,183.00,173.00,183.00,208.00,16.0247,0.72941,A,-14.6617600,125.7963000
285.000,230.000,1463.000,367.000,2.000,111.000,1022.000,19.000,331.000,19.000,264.000,94.000,57.000,2188.000,335.000,171.000,164.000,276.000,230.000,320.000,2.749,26.565,14.902,1.521,14.268,4.655,0.093,0.028,3.481,82.037,1.947,4.993,0.85549,-0.00030,265.060,-6.5664,0.41866,0.00112,5.6595,0.011,44.00,110.00,177.00,367.00,360.00,295.00,40.00,39.00,6.00,11.00,2.00,12.00,327.00,335.00,333.00,319.00,316.00,319.00,322.00,302.00,281.00,276.00,290.00,310.00,279.00,289.00,289.00,278.00,276.00,276.00,274.00,254.00,231.00,223.00,236.00,258.00,231.00,243.00,245.00,238.00,236.00,234.00,227.00,206.00,182.00,171.00,183.00,207.00,10.4668,0.62078,A,-14.7017300,125.7897300
285.000,229.000,1493.000,369.000,2.000,110.000,1035.000,19.000,669.000,19.000,263.000,95.000,57.000,2186.000,335.000,170.000,165.000,276.000,229.000,324.000,0.945,90.000,15.515,1.512,13.582,4.263,0.100,0.022,3.429,82.292,1.836,5.004,0.78527,0.00029,296.251,15.3424,0.00007,0.00000,12.9271,0.064,47.00,117.00,183.00,369.00,365.00,301.00,41.00,39.00,6.00,11.00,2.00,12.00,327.00,335.00,333.00,320.00,315.00,320.00,322.00,301.00,281.00,276.00,290.00,310.00,278.00,288.00,288.00,279.00,274.00,277.00,274.00,252.00,230.00,223.00,236.00,258.00,229.00,242.00,244.00,238.00,234.00,234.00,226.00,204.00,180.00,170.00,182.00,206.00,12.7135,0.79202,A,-14.7511500,125.7852200
285.000,229.000,1493.000,369.000,2.000,110.000,1035.000,19.000,669.000,19.000,263.000,95.000,57.000,2186.000,335.000,170.000,165.000,276.000,229.000,324.000,5.414,353.660,15.962,1.509,14.165,3.986,0.095,0.023,3.609,81.965,1.834,4.920,0.73527,0.00041,296.525,1.5297,0.76807,0.00146,7.0715,2.878,47.00,117.00,183.00,369.00,365.00,301.00,41.00,39.00,6.00,11.00,2.00,12.00,327.00,335.00,333.00,320.00,315.00,320.00,322.00,301.00,281.00,276.00,290.00,310.00,278.00,288.00,288.00,279.00,274.00,277.00,274.00,252.00,230.00,223.00,236.00,258.00,229.00,242.00,244.00,238.00,234.00,234.00,226.00,204.00,180.00,170.00,182.00,206.00,11.5079,0.70211,A,-14.7507000,125.7860600
285.000,229.000,1507.000,369.000,2.000,110.000,1039.000,19.000,357.000,19.000,263.000,96.000,57.000,2230.000,336.000,169.000,167.000,276.000,229.000,332.000,1.796,360.000,15.875,1.479,13.065,4.401,0.091,0.020,3.273,82.054,1.534,4.830,0.78528,0.00024,330.313,5.2695,0.00003,0.00021,10.5773,1.032,49.00,122.00,186.00,369.00,367.00,303.00,41.00,38.00,6.00,11.00,2.00,13.00,328.00,336.00,334.00,320.00,316.00,320.00,322.00,301.00,282.00,276.00,289.00,310.00,279.00,289.00,289.00,278.00,275.00,276.00,274.00,252.00,231.00,222.00,234.00,257.00,230.00,242.00,244.00,237.00,234.00,233.00,226.00,204.00,180.00,169.00,180.00,205.00,20.8710,0.83087,A,-14.7999300,125.8050500
285.000,229.000,1509.000,370.000,2.000,110.000,1041.000,19.000,357.000,19.000,263.000,96.000,57.000,2216.000,336.000,169.000,167.000,276.000,229.000,335.000,2.237,161.565,15.442,1.490,14.228,4.004,0.094,0.021,3.489,80.872,1.695,4.830,0.83076,0.00000,329.208,-4.2984,0.16947,0.00032,11.1186,1.231,49.00,122.00,186.00,370.00,367.00,304.00,41.00,38.00,6.00,11.00,2.00,13.00,328.00,336.00,334.00,320.00,316.00,320.00,322.00,302.00,282.00,276.00,290.00,310.00,279.00,289.00,289.00,278.00,275.00,276.00,274.00,253.00,231.00,222.00,235.00,257.00,230.00,242.00,244.00,237.00,234.00,233.00,226.00,204.00,180.00,169.00,181.00,205.00,17.4603,0.89951,A,-14.8000400,125.7932600
285.000,229.000,1508.000,370.000,2.000,110.000,1041.000,19.000,355.000,19.000,263.000,96.000,57.000,2225.000,336.000,169.000,167.000,276.000,229.000,329.000,2.239,279.462,15.435,1.509,13.833,3.876,0.097,0.022,3.512,82.109,1.838,4.870,0.55592,-0.00010,311.761,0.1280,0.39414,0.00046,5.2898,0.462,48.00,121.00,186.00,370.00,367.00,304.00,41.00,39.00,6.00,11.00,2.00,13.00,328.00,336.00,334.00,320.00,316.00,320.00,322.00,301.00,282.00,276.00,290.00,310.00,279.00,289.00,289.00,278.00,275.00,277.00,274.00,252.00,231.00,222.00,235.00,257.00,230.00,242.00,244.00,237.00,234.00,234.00,226.00,204.00,180.00,169.00,181.00,205.00,11.7845,0.72211,A,-14.8006400,125.7779800
286.000,231.000,1502.000,370.000,2.000,110.000,1040.000,19.000,352.000,19.000,265.000,96.000,57.000,2199.000,337.000,170.000,167.000,278.000,231.000,304.000,1.204,303.690,15.027,1.519,13.840,4.317,0.101,0.021,3.386,82.586,1.759,4.926,0.78547,0.00043,261.877,25.9775,0.00002,0.00010,9.8864,0.123,48.00,120.00,184.00,370.00,366.00,304.00,40.00,38.00,6.00,11.00,2.00,13.00,329.00,337.00,335.00,321.00,318.00,321.00,323.00,303.00,283.00,278.00,292.00,311.00,280.00,290.00,290.00,279.00,277.00,278.00,275.00,254.00,232.00,224.00,237.00,258.00,231.00,243.00,245.00,238.00,236.00,235.00,227.00,205.00,181.00,170.00,182.00,206.00,11.7191,0.68470,A,-14.8197100,125.7636200
286.000,230.000,1504.000,370.000,2.000,110.000,1040.000,19.000,354.000,19.000,264.000,96.000,57.000,2211.000,336.000,170.000,166.000,277.000,230.000,310.000,1.701,180.000,15.367,1.519,14.013,3.782,0.101,0.022,3.432,82.361,1.908,4.869,0.88232,-0.00060,276.082,-12.5390,0.24090,0.00068,7.2744,0.410,48.00,121.00,185.00,370.00,366.00,304.00,40.00,38.00,6.00,11.00,2.00,13.00,329.00,336.00,335.00,321.00,317.00,321.00,323.00,303.00,283.00,277.00,291.00,311.00,280.00,289.00,290.00,279.00,276.00,278.00,275.00,254.00,232.00,223.00,236.00,258.00,231.00,243.00,245.00,238.00,235.00,235.00,227.00,205.00,181.00,170.00,182.00,206.00,14.1543,0.71544,A,-14.8174300,125.7682900
285.000,229.000,1504.000,370.000,2.000,110.000,1040.000,19.000,353.000,19.000,264.000,96.000,57.000,2209.000,336.000,170.000,166.000,277.000,229.000,320.000,1.493,188.130,14.673,1.523,14.080,4.310,0.093,0.024,3.438,82.372,2.059,4.932,0.78542,0.00139,293.312,8.7516,0.00007,0.00303,10.6675,0.000,48.00,120.00,185.00,370.00,366.00,304.00,40.00,39.00,6.00,11.00,2.00,13.00,328.00,336.00,334.00,320.00,316.00,321.00,323.00,303.00,282.00,277.00,290.00,311.00,279.00,289.00,289.00,278.00,275.00,278.00,275.00,254.00,231.00,223.00,235.00,258.00,230.00,242.00,245.00,237.00,235.00,235.00,227.00,205.00,181.00,170.00,181.00,206.00,7.2283,0.66061,A,-14.8069300,125.7724500
285.000,228.000,1508.000,370.000,2.000,110.000,1041.000,19.000,356.000,19.000,263.000,96.000,57.000,2221.000,336.000,169.000,167.000,276.000,228.000,332.000,1.944,45.000,15.738,1.477,13.153,4.107,0.096,0.020,3.378,81.537,1.599,4.838,0.69750,0.00000,330.749,-12.9910,,0.00000,,3.818,49.00,121.00,186.00,370.00,367.00,304.00,41.00,38.00,6.00,11.00,2.00,13.00,327.00,336.00,334.00,319.00,316.00,320.00,322.00,302.00,281.00,276.00,289.00,310.00,278.00,288.00,289.00,277.00,275.00,277.00,274.00,253.00,230.00,222.00,234.00,258.00,229.00,241.00,244.00,236.00,234.00,234.00,226.00,204.00,180.00,169.00,180.00,206.00,19.3397,0.90641,A,-14.7997500,125.7958900
286.000,229.000,1509.000,368.000,2.000,110.000,1038.000,18.000,362.000,18.000,264.000,96.000,57.000,2212.000,337.000,169.000,168.000,277.000,229.000,314.000,5.265,79.695,15.316,1.488,13.913,3.781,0.102,0.020,3.520,81.820,1.664,4.849,1.04342,-0.00040,302.694,-3.1956,1.23114,-0.00020,7.1514,13.266,50.00,124.00,188.00,368.00,367.00,303.00,40.00,38.00,5.00,11.00,2.00,13.00,329.00,337.00,335.00,320.00,317.00,321.00,322.00,302.00,282.00,277.00,290.00,312.00,279.00,289.00,290.00,278.00,276.00,277.00,273.00,253.00,231.00,223.00,235.00,259.00,230.00,242.00,245.00,237.00,235.00,234.00,225.00,204.00,180.00,169.00,181.00,206.00,16.4125,0.76120,A,-14.8014600,125.8322500
285.000,228.000,1505.000,366.000,2.000,109.000,1033.000,18.000,363.000,18.000,263.000,97.000,57.000,2262.000,338.000,168.000,170.000,277.000,228.000,325.000,0.334,198.435,15.555,1.501,14.514,4.411,0.097,0.022,3.583,81.310,1.866,4.960,0.73999,-0.00020,297.922,0.5122,0.13691,0.00000,9.6713,3.559,50.00,125.00,188.00,366.00,365.00,302.00,41.00,37.00,5.00,11.00,2.00,13.00,329.00,338.00,335.00,321.00,318.00,322.00,322.00,301.00,281.00,276.00,291.00,311.00,278.00,290.00,289.00,278.00,276.00,278.00,273.00,251.00,229.00,222.00,235.00,258.00,228.00,242.00,244.00,236.00,234.00,234.00,225.00,202.00,178.00,168.00,180.00,205.00,13.9374,0.81670,A,-14.8324000,125.8652800
285.000,227.000,1501.000,365.000,2.000,109.000,1029.000,19.000,363.000,19.000,262.000,98.000,57.000,2264.000,337.000,166.000,171.000,276.000,227.000,347.000,3.332,219.806,15.519,1.499,13.510,3.797,0.083,0.020,3.484,82.201,1.728,4.860,0.74959,-0.00010,311.192,-1.2113,0.21316,0.00014,5.8525,0.000,50.00,124.00,189.00,365.00,364.00,300.00,41.00,36.00,6.00,11.00,2.00,13.00,329.00,337.00,335.00,321.00,317.00,321.00,321.00,301.00,280.00,276.00,290.00,311.00,278.00,288.00,289.00,278.00,275.00,276.00,272.00,251.00,228.00,221.00,234.00,257.00,228.00,240.00,243.00,236.00,233.00,232.00,224.00,201.00,177.00,166.00,179.00,204.00,15.0090,0.87777,A,-14.8407800,125.8798400
285.000,227.000,1498.000,364.000,2.000,109.000,1026.000,19.000,677.000,19.000,263.000,98.000,57.000,2278.000,337.000,166.000,171.000,277.000,227.000,323.000,2.850,63.435,15.799,1.486,13.838,3.559,0.099,0.022,3.330,81.949,1.658,4.924,0.83302,0.00023,314.433,9.2028,0.11767,-0.00030,8.9215,21.161,50.00,124.00,189.00,364.00,363.00,299.00,41.00,36.00,6.00,11.00,2.00,13.00,329.00,337.00,335.00,322.00,318.00,321.00,322.00,301.00,280.00,276.00,290.00,311.00,278.00,288.00,289.00,279.00,276.00,276.00,273.00,251.00,228.00,221.00,234.00,257.00,228.00,240.00,243.00,236.00,234.00,232.00,224.00,201.00,177.00,166.00,179.00,204.00,14.9775,0.66417,A,-14.8451000,125.8909800
284.000,227.000,1492.000,363.000,2.000,109.000,1021.000,19.000,362.000,19.000,262.000,99.000,57.000,2270.000,337.000,165.000,172.000,275.000,227.000,358.000,0.747,198.435,15.417,1.530,14.234,4.222,0.106,0.023,3.447,82.119,1.978,5.004,0.78491,-0.00030,328.542,-8.9274,0.00037,0.00012,12.5952,1.083,50.00,123.00,189.00,363.00,361.00,297.00,41.00,36.00,6.00,11.00,2.00,13.00,328.00,337.00,335.00,320.00,317.00,321.00,321.00,300.00,279.00,275.00,290.00,311.00,277.00,288.00,288.00,277.00,274.00,276.00,272.00,250.00,227.00,220.00,234.00,257.00,227.00,239.00,242.00,235.00,232.00,231.00,223.00,200.00,176.00,165.00,178.00,203.00,11.6441,0.80409,A,-14.8546600,125.9091900
284.000,227.000,1491.000,363.000,2.000,109.000,1021.000,19.000,362.000,19.000,262.000,99.000,57.000,2277.000,338.000,165.000,173.000,275.000,227.000,364.000,2.749,315.000,15.761,1.502,14.373,4.230,0.092,0.024,3.479,81.996,1.896,5.079,0.51225,0.00108,311.706,27.3348,0.84929,-0.00010,7.9703,1.291,50.00,123.00,189.00,363.00,361.00,297.00,41.00,35.00,6.00,11.00,2.00,13.00,329.00,338.00,335.00,321.00,317.00,321.00,321.00,300.00,280.00,275.00,290.00,311.00,277.00,289.00,288.00,277.00,274.00,276.00,272.00,250.00,228.00,220.00,233.00,257.00,226.00,240.00,242.00,234.00,232.00,231.00,223.00,200.00,176.00,165.00,177.00,203.00,5.4715,0.63533,A,-14.8715000,125.9157500
284.000,226.000,1488.000,362.000,2.000,108.000,1018.000,19.000,361.000,19.000,261.000,99.000,57.000,2288.000,337.000,164.000,173.000,275.000,226.000,365.000,0.472,336.801,15.800,1.500,13.693,4.028,0.099,0.023,3.447,82.089,1.642,4.984,0.78527,0.00000,338.186,-18.2730,0.00004,0.00025,9.9495,0.387,49.00,123.00,189.00,362.00,360.00,296.00,42.00,35.00,6.00,11.00,2.00,13.00,329.00,337.00,334.00,321.00,317.00,321.00,321.00,300.00,279.00,275.00,289.00,311.00,277.00,288.00,287.00,277.00,274.00,276.00,271.00,249.00,227.00,219.00,233.00,256.00,226.00,239.00,241.00,234.00,232.00,231.00,222.00,199.00,175.00,164.00,177.00,202.00,18.2006,0.91659,A,-14.8876400,125.9187700
283.000,225.000,1486.000,361.000,2.000,109.000,1015.000,20.000,361.000,20.000,260.000,100.000,57.000,2323.000,337.000,163.000,174.000,275.000,225.000,389.000,3.334,341.565,16.025,1.526,13.828,4.099,0.086,0.024,3.369,82.499,1.549,4.980,0.78544,0.00004,363.448,3.9536,0.00015,-0.00040,13.3478,2.319,49.00,122.00,190.00,361.00,359.00,295.00,42.00,35.00,6.00,12.00,2.00,13.00,328.00,337.00,335.00,320.00,317.00,320.00,320.00,299.00,278.00,273.00,288.00,310.00,276.00,287.00,288.00,276.00,274.00,275.00,270.00,248.00,226.00,218.00,231.00,255.00,225.00,238.00,241.00,233.00,231.00,230.00,221.00,198.00,174.00,163.00,175.00,201.00,14.7496,0.78577,A,-14.9197300,125.9249300
284.000,224.000,1478.000,359.000,2.000,108.000,1009.000,20.000,360.000,20.000,261.000,100.000,56.000,2375.000,338.000,162.000,176.000,275.000,224.000,388.000,2.867,185.194,15.680,1.497,13.522,3.780,0.091,0.023,3.524,81.948,1.727,4.967,0.89298,0.00000,368.043,-0.6923,0.33052,0.00052,5.4207,0.741,49.00,122.00,189.00,359.00,357.00,293.00,42.00,34.00,6.00,12.00,2.00,13.00,330.00,338.00,335.00,322.00,317.00,321.00,321.00,299.00,278.00,273.00,289.00,311.00,278.00,288.00,288.00,278.00,274.00,275.00,271.00,248.00,225.00,217.00,232.00,256.00,226.00,238.00,241.00,234.00,231.00,230.00,221.00,198.00,173.00,162.00,175.00,201.00,14.2415,0.73708,A,-14.9328200,125.9425500
285.000,225.000,1471.000,358.000,2.000,109.000,1006.000,19.000,358.000,19.000,262.000,100.000,56.000,2385.000,339.000,163.000,176.000,276.000,225.000,358.000,1.946,73.610,15.936,1.479,14.204,3.722,0.129,0.027,3.397,80.917,1.837,4.999,0.90844,0.00025,354.443,3.2049,0.69868,-0.00040,6.6109,16.818,49.00,121.00,188.00,358.00,356.00,292.00,42.00,34.00,6.00,11.00,2.00,12.00,331.00,339.00,336.00,323.00,318.00,322.00,322.00,300.00,279.00,274.00,289.00,312.00,279.00,289.00,289.00,279.00,275.00,276.00,272.00,249.00,226.00,218.00,232.00,257.00,227.00,239.00,242.00,235.00,232.00,231.00,222.00,199.00,174.00,163.00,176.00,202.00,12.2216,0.78869,A,-14.9321000,125.9559600
285.000,226.000,1469.000,357.000,2.000,109.000,1003.000,19.000,359.000,19.000,261.000,101.000,57.000,2326.000,339.000,163.000,176.000,275.000,226.000,378.000,0.667,225.000,15.791,1.519,14.383,4.318,0.119,0.028,3.481,81.606,1.736,5.077,0.78517,0.00047,313.786,12.6708,0.00010,0.00043,13.2467,0.000,49.00,121.00,189.00,357.00,355.00,291.00,42.00,34.00,6.00,11.00,2.00,12.00,330.00,339.00,336.00,321.00,318.00,321.00,321.00,300.00,279.00,275.00,290.00,311.00,278.00,289.00,288.00,277.00,275.00,275.00,271.00,249.00,226.00,219.00,233.00,256.00,226.00,239.00,241.00,234.00,232.00,230.00,221.00,198.00,173.00,163.00,176.00,201.00,8.3875,0.69267,A,-14.9254900,125.9689400
284.000,225.000,1463.000,357.000,2.000,109.000,1000.000,20.000,356.000,20.000,261.000,101.000,57.000,2334.000,338.000,162.000,176.000,276.000,225.000,379.000,0.472,198.435,15.913,1.487,13.130,4.775,0.096,0.024,3.276,82.476,1.696,5.094,0.69669,-0.00040,328.485,-44.5840,0.17734,-0.00010,5.6948,0.010,48.00,120.00,188.00,357.00,354.00,289.00,42.00,33.00,6.00,12.00,2.00,12.00,330.00,338.00,335.00,322.00,318.00,322.00,321.00,300.00,279.00,274.00,289.00,311.00,278.00,287.00,287.00,278.00,275.00,276.00,271.00,249.00,226.00,218.00,232.00,256.00,226.00,237.00,240.00,234.00,232.00,230.00,221.00,198.00,173.00,162.00,175.00,201.00,17.5647,1.00395,A,-14.9191400,125.9853400
285.000,225.000,1459.000,355.000,2.000,109.000,996.000,20.000,356.000,20.000,261.000,101.000,57.000,2359.000,339.000,162.000,177.000,276.000,225.000,378.000,1.001,258.690,15.460,1.502,13.482,3.812,0.093,0.021,3.474,82.660,1.630,5.012,0.83164,0.00023,335.266,5.5906,0.19483,0.00083,11.6388,0.337,48.00,120.00,188.00,355.00,353.00,288.00,42.00,33.00,6.00,12.00,2.00,12.00,330.00,339.00,337.00,322.00,318.00,322.00,321.00,300.00,279.00,274.00,289.00,311.00,278.00,288.00,289.00,278.00,275.00,276.00,270.00,249.00,226.00,218.00,232.00,256.00,226.00,238.00,241.00,234.00,232.00,230.00,220.00,198.00,173.00,162.00,175.00,201.00,16.4175,0.82895,A,-14.9240100,126.0048100
284.000,224.000,1453.000,354.000,2.000,108.000,991.000,20.000,355.000,20.000,261.000,102.000,57.000,2386.000,338.000,161.000,177.000,276.000,224.000,386.000,1.204,113.199,15.882,1.498,13.957,4.427,0.085,0.021,3.487,82.124,1.683,4.994,0.78527,0.00010,383.857,-10.9500,0.00004,0.00012,9.5296,0.878,48.00,119.00,188.00,354.00,351.00,286.00,42.00,33.00,6.00,12.00,2.00,12.00,331.00,338.00,336.00,322.00,319.00,322.00,321.00,299.00,278.00,274.00,289.00,311.00,278.00,287.00,288.00,277.00,275.00,276.00,271.00,247.00,225.00,217.00,231.00,255.00,225.00,237.00,240.00,233.00,231.00,230.00,221.00,196.00,172.00,161.00,174.00,200.00,22.2440,1.01254,A,-14.9426200,126.0211900
284.000,224.000,1448.000,353.000,2.000,109.000,987.000,20.000,355.000,20.000,261.000,102.000,57.000,2377.000,339.000,161.000,178.000,275.000,224.000,391.000,0.747,45.000,15.393,1.489,14.434,4.261,0.087,0.023,3.517,81.656,1.685,5.080,0.78540,0.00000,349.606,-3.6909,0.00002,0.00016,9.5972,0.967,48.00,119.00,188.00,353.00,350.00,284.00,42.00,32.00,6.00,12.00,2.00,12.00,331.00,339.00,336.00,322.00,318.00,321.00,321.00,299.00,278.00,273.00,289.00,311.00,278.00,288.00,288.00,277.00,274.00,275.00,270.00,248.00,225.00,217.00,231.00,255.00,225.00,237.00,240.00,233.00,230.00,229.00,220.00,197.00,172.00,161.00,174.00,200.00,16.3918,0.89806,A,-14.9423500,126.0382100
285.000,225.000,1439.000,352.000,2.000,109.000,984.000,19.000,350.000,19.000,262.000,102.000,56.000,2398.000,340.000,161.000,179.000,276.000,225.000,396.000,4.994,270.000,14.575,1.498,14.279,4.937,0.092,0.026,3.455,82.179,1.979,5.109,0.42835,0.00026,343.208,5.1031,0.87558,0.00342,5.9874,0.000,47.00,117.00,186.00,352.00,349.00,283.00,42.00,32.00,6.00,11.00,2.00,12.00,332.00,340.00,337.00,323.00,319.00,323.00,322.00,300.00,279.00,274.00,290.00,312.00,279.00,289.00,289.00,278.00,275.00,277.00,271.00,249.00,226.00,217.00,232.00,256.00,226.00,238.00,241.00,234.00,231.00,231.00,221.00,198.00,173.00,161.00,175.00,201.00,10.0469,0.58222,A,-14.9129600,126.0512800
285.000,224.000,1434.000,351.000,2.000,109.000,980.000,19.000,349.000,19.000,261.000,102.000,56.000,2407.000,340.000,161.000,179.000,276.000,224.000,391.000,2.109,341.565,15.631,1.506,14.776,3.837,0.111,0.024,3.503,81.133,1.776,5.058,0.78578,0.00003,361.991,-2.5236,0.00010,-0.00030,9.6703,0.775,47.00,116.00,186.00,351.00,348.00,281.00,42.00,32.00,6.00,11.00,2.00,12.00,332.00,340.00,337.00,323.00,319.00,322.00,322.00,300.00,279.00,274.00,289.00,312.00,279.00,289.00,289.00,278.00,275.00,276.00,272.00,249.00,226.00,217.00,231.00,256.00,226.00,238.00,241.00,234.00,231.00,230.00,222.00,198.00,173.00,161.00,174.00,201.00,44.1606,0.73876,A,-14.8944700,126.0674100
286.000,229.000,1502.000,365.000,2.000,109.000,1032.000,18.000,363.000,18.000,264.000,98.000,57.000,2285.000,338.000,168.000,170.000,278.000,229.000,306.000,7.519,167.005,14.710,1.462,13.645,4.295,0.098,0.021,3.420,82.631,1.900,4.895,1.07734,-0.00050,300.281,-2.4182,1.16233,-0.00160,6.9695,17.653,50.00,125.00,188.00,365.00,365.00,302.00,40.00,36.00,5.00,11.00,2.00,13.00,330.00,338.00,336.00,322.00,318.00,322.00,324.00,302.00,282.00,277.00,291.00,312.00,280.00,290.00,290.00,280.00,276.00,278.00,275.00,252.00,230.00,222.00,235.00,258.00,230.00,242.00,244.00,238.00,235.00,234.00,226.00,203.00,179.00,168.00,180.00,205.00,8.6236,0.66527,B,-14.8335100,125.8584600
286.000,231.000,1502.000,370.000,2.000,110.000,1040.000,19.000,352.000,19.000,265.000,96.000,57.000,2199.000,337.000,170.000,167.000,278.000,231.000,291.000,8.453,263.660,14.104,1.501,14.274,4.693,0.084,0.030,3.477,81.982,2.125,4.952,0.52451,-0.00160,248.573,-5.2082,2.38448,-0.00050,6.7828,12.821,48.00,120.00,184.00,370.00,366.00,304.00,40.00,38.00,6.00,11.00,2.00,13.00,329.00,337.00,335.00,321.00,318.00,321.00,323.00,303.00,283.00,278.00,292.00,311.00,280.00,290.00,290.00,279.00,277.00,278.00,275.00,254.00,232.00,224.00,237.00,258.00,231.00,243.00,245.00,238.00,236.00,235.00,227.00,205.00,181.00,170.00,182.00,206.00,9.1234,0.53663,B,-14.8203900,125.7596100
286.000,231.000,1502.000,370.000,2.000,110.000,1040.000,19.000,352.000,19.000,265.000,96.000,57.000,2199.000,337.000,170.000,167.000,278.000,231.000,302.000,2.751,341.565,15.576,1.527,14.329,4.414,0.090,0.022,3.517,81.940,1.669,4.923,0.78547,0.00015,254.486,4.7124,0.00003,0.00053,12.1084,0.270,48.00,120.00,184.00,370.00,366.00,304.00,40.00,38.00,6.00,11.00,2.00,13.00,329.00,337.00,335.00,321.00,318.00,321.00,323.00,303.00,283.00,278.00,292.00,311.00,280.00,290.00,290.00,279.00,277.00,278.00,275.00,254.00,232.00,224.00,237.00,258.00,231.00,243.00,245.00,238.00,236.00,235.00,227.00,205.00,181.00,170.00,182.00,206.00,9.6855,0.65880,B,-14.8205800,125.7612900
285.000,228.000,1505.000,366.000,2.000,109.000,1033.000,18.000,363.000,18.000,263.000,97.000,57.000,2262.000,338.000,168.000,170.000,277.000,228.000,309.000,5.806,350.311,15.473,1.499,14.019,4.980,0.104,0.023,3.418,82.288,1.751,4.990,0.45995,-0.00030,296.393,-1.7966,1.31428,0.00076,7.1884,12.391,50.00,125.00,188.00,366.00,365.00,302.00,41.00,37.00,5.00,11.00,2.00,13.00,329.00,338.00,335.00,321.00,318.00,322.00,322.00,301.00,281.00,276.00,291.00,311.00,278.00,290.00,289.00,278.00,276.00,278.00,273.00,251.00,229.00,222.00,235.00,258.00,228.00,242.00,244.00,236.00,234.00,234.00,225.00,202.00,178.00,168.00,180.00,205.00,8.2649,0.62917,B,-14.8320300,125.8583800
288.000,235.000,1360.000,358.000,1.000,114.000,975.000,17.000,282.000,17.000,268.000,92.000,57.000,2101.000,337.000,178.000,159.000,281.000,235.000,213.000,7.253,284.931,13.918,1.433,13.354,6.465,0.080,0.026,3.386,82.479,1.724,5.207,0.33443,-0.00040,165.346,-2.1734,1.54021,0.00112,6.1827,3.636,35.00,89.00,158.00,358.00,342.00,275.00,38.00,39.00,6.00,10.00,1.00,9.00,329.00,337.00,335.00,322.00,319.00,323.00,326.00,306.00,286.00,281.00,294.00,313.00,282.00,292.00,292.00,282.00,280.00,281.00,279.00,259.00,237.00,229.00,241.00,263.00,236.00,248.00,250.00,243.00,241.00,240.00,233.00,212.00,189.00,178.00,189.00,213.00,4.6178,0.56671,B,-14.5864300,125.7949800
289.000,236.000,1344.000,357.000,1.000,115.000,968.000,17.000,597.000,17.000,268.000,91.000,57.000,2092.000,337.000,179.000,158.000,281.000,236.000,223.000,10.967,191.976,14.726,1.439,13.610,5.371,0.089,0.023,3.319,83.185,1.884,5.044,1.30759,0.00120,154.580,3.8000,2.82705,-0.00050,5.6408,14.535,34.00,85.00,155.00,357.00,339.00,272.00,38.00,39.00,6.00,10.00,1.00,8.00,328.00,337.00,335.00,322.00,318.00,322.00,325.00,306.00,286.00,281.00,293.00,312.00,281.00,293.00,292.00,283.00,279.00,281.00,279.00,259.00,238.00,230.00,240.00,262.00,235.00,249.00,250.00,244.00,240.00,240.00,233.00,212.00,190.00,179.00,188.00,213.00,6.4035,0.56701,B,-14.5562900,125.7927200
290.000,229.000,1360.000,339.000,1.000,110.000,937.000,17.000,327.000,17.000,266.000,104.000,57.000,2425.000,346.000,164.000,182.000,281.000,229.000,295.000,2.137,74.745,15.892,1.496,13.672,3.633,0.067,0.018,3.560,82.589,1.362,4.855,0.78953,-0.00030,287.145,-2.3494,0.12887,-0.00030,6.8415,8.256,42.00,107.00,178.00,339.00,333.00,265.00,41.00,28.00,5.00,11.00,1.00,10.00,337.00,346.00,343.00,329.00,324.00,328.00,327.00,305.00,284.00,279.00,295.00,318.00,283.00,294.00,294.00,283.00,279.00,281.00,276.00,253.00,230.00,221.00,236.00,261.00,230.00,242.00,245.00,238.00,235.00,234.00,225.00,201.00,176.00,164.00,178.00,204.00,18.2655,0.71738,C,-14.8867900,126.1919300
290.000,233.000,1473.000,362.000,2.000,110.000,1019.000,17.000,351.000,17.000,268.000,98.000,57.000,2259.000,342.000,171.000,171.000,281.000,233.000,245.000,3.073,32.471,15.294,1.475,15.493,4.827,0.114,0.028,3.770,80.379,2.122,5.207,0.69756,0.00000,244.064,0.1894,0.37286,0.00007,9.4924,69.363,47.00,120.00,184.00,362.00,359.00,298.00,39.00,35.00,5.00,10.00,2.00,12.00,334.00,342.00,340.00,326.00,321.00,326.00,328.00,307.00,287.00,282.00,296.00,317.00,284.00,294.00,294.00,284.00,279.00,281.00,279.00,257.00,234.00,226.00,240.00,263.00,234.00,246.00,248.00,242.00,238.00,237.00,230.00,207.00,182.00,171.00,184.00,209.00,6.7148,0.68909,C,-14.8815900,125.8485000
290.000,229.000,1360.000,339.000,1.000,110.000,937.000,17.000,327.000,17.000,266.000,104.000,57.000,2425.000,346.000,164.000,182.000,281.000,229.000,294.000,2.111,105.255,15.754,1.460,12.400,3.645,0.070,0.020,3.224,83.872,1.373,4.881,0.97208,-0.00010,286.896,-4.0685,0.90048,0.00000,10.4854,9.290,42.00,107.00,178.00,339.00,333.00,265.00,41.00,28.00,5.00,11.00,1.00,10.00,337.00,346.00,343.00,329.00,324.00,328.00,327.00,305.00,284.00,279.00,295.00,318.00,283.00,294.00,294.00,283.00,279.00,281.00,276.00,253.00,230.00,221.00,236.00,261.00,230.00,242.00,245.00,238.00,235.00,234.00,225.00,201.00,176.00,164.00,178.00,204.00,18.2276,0.71488,C,-14.8859400,126.1916900
287.000,228.000,1476.000,361.000,2.000,109.000,1014.000,19.000,668.000,19.000,264.000,100.000,57.000,2302.000,340.000,166.000,174.000,277.000,228.000,341.000,0.334,18.435,15.118,1.454,14.286,4.151,0.113,0.022,3.445,81.213,1.963,5.005,0.78553,-0.00030,339.544,-7.6264,0.00006,-0.00010,11.8640,38.650,48.00,120.00,187.00,361.00,357.00,296.00,41.00,35.00,6.00,11.00,2.00,12.00,331.00,340.00,338.00,323.00,319.00,322.00,324.00,303.00,282.00,278.00,292.00,313.00,279.00,291.00,291.00,280.00,276.00,277.00,274.00,252.00,229.00,222.00,235.00,258.00,228.00,242.00,244.00,237.00,234.00,233.00,224.00,201.00,176.00,166.00,178.00,204.00,14.3921,0.86698,C,-14.9712000,125.8592100
291.000,229.000,1357.000,338.000,1.000,110.000,934.000,17.000,327.000,17.000,266.000,104.000,56.000,2466.000,347.000,164.000,183.000,282.000,229.000,273.000,1.493,53.130,15.711,1.472,11.149,4.495,0.060,0.017,2.497,85.758,1.120,5.000,0.78540,0.00000,271.998,3.0830,0.00093,0.00007,13.7559,29.979,42.00,107.00,178.00,338.00,332.00,264.00,41.00,28.00,5.00,11.00,1.00,10.00,338.00,347.00,343.00,329.00,326.00,329.00,327.00,305.00,284.00,279.00,296.00,319.00,284.00,295.00,294.00,284.00,281.00,282.00,276.00,252.00,229.00,221.00,237.00,262.00,230.00,243.00,245.00,239.00,236.00,235.00,225.00,200.00,175.00,164.00,178.00,205.00,13.8247,0.85453,C,-14.8974200,126.1990100
286.000,226.000,1396.000,344.000,2.000,109.000,955.000,19.000,339.000,19.000,263.000,103.000,57.000,2392.000,342.000,162.000,180.000,277.000,226.000,343.000,1.204,341.565,15.828,1.519,12.701,3.758,0.070,0.018,3.382,83.789,1.320,4.982,0.78613,0.00000,306.978,-12.0800,0.00054,0.00000,11.8172,0.063,45.00,112.00,182.00,344.00,339.00,272.00,42.00,30.00,6.00,11.00,2.00,11.00,334.00,342.00,339.00,325.00,321.00,324.00,324.00,301.00,280.00,276.00,292.00,314.00,280.00,290.00,290.00,280.00,276.00,277.00,273.00,249.00,226.00,219.00,234.00,258.00,227.00,239.00,242.00,235.00,232.00,231.00,222.00,198.00,173.00,162.00,176.00,202.00,20.0912,0.83075,C,-14.8966000,126.1532700
287.000,226.000,1399.000,345.000,2.000,110.000,958.000,19.000,640.000,19.000,263.000,103.000,57.000,2374.000,342.000,163.000,179.000,278.000,226.000,334.000,0.334,45.000,15.648,1.512,14.582,4.225,0.077,0.018,3.578,81.354,1.405,4.986,0.62277,0.00003,318.927,0.3221,0.47538,0.00035,5.4128,0.225,45.00,112.00,183.00,345.00,340.00,273.00,41.00,30.00,6.00,11.00,2.00,11.00,334.00,342.00,339.00,326.00,321.00,324.00,323.00,302.00,280.00,277.00,292.00,315.00,280.00,290.00,290.00,281.00,276.00,277.00,272.00,250.00,226.00,220.00,234.00,259.00,227.00,239.00,242.00,236.00,232.00,231.00,222.00,198.00,173.00,163.00,176.00,203.00,20.7403,0.78538,C,-14.9059000,126.1409600
287.000,226.000,1399.000,345.000,2.000,110.000,958.000,19.000,640.000,19.000,263.000,103.000,57.000,2374.000,342.000,163.000,179.000,278.000,226.000,331.000,2.137,45.000,16.123,1.513,13.885,4.333,0.081,0.017,3.628,81.678,1.351,4.998,0.78962,-0.00050,321.646,-8.7185,0.30293,-0.00040,11.1304,7.038,45.00,112.00,183.00,345.00,340.00,273.00,41.00,30.00,6.00,11.00,2.00,11.00,334.00,342.00,339.00,326.00,321.00,324.00,323.00,302.00,280.00,277.00,292.00,315.00,280.00,290.00,290.00,281.00,276.00,277.00,272.00,250.00,226.00,220.00,234.00,259.00,227.00,239.00,242.00,236.00,232.00,231.00,222.00,198.00,173.00,163.00,176.00,203.00,18.9704,0.77788,C,-14.9055000,126.1398200
288.000,228.000,1398.000,345.000,1.000,110.000,960.000,17.000,339.000,17.000,265.000,103.000,57.000,2402.000,344.000,164.000,180.000,279.000,228.000,318.000,1.055,180.000,15.279,1.472,15.634,5.018,0.115,0.028,3.811,80.239,1.863,5.097,0.88196,0.00027,312.547,4.7053,0.38602,-0.00010,9.6551,36.237,45.00,112.00,182.00,345.00,341.00,274.00,41.00,30.00,5.00,11.00,1.00,11.00,335.00,344.00,340.00,326.00,323.00,326.00,326.00,303.00,282.00,278.00,294.00,316.00,282.00,293.00,291.00,281.00,279.00,279.00,275.00,251.00,228.00,221.00,235.00,260.00,229.00,242.00,243.00,237.00,235.00,233.00,224.00,200.00,175.00,164.00,177.00,204.00,10.2042,0.91427,C,-14.9003600,126.1121900
285.000,224.000,1434.000,351.000,2.000,109.000,980.000,19.000,349.000,19.000,261.000,102.000,56.000,2407.000,340.000,161.000,179.000,276.000,224.000,393.000,2.870,279.462,15.392,1.517,14.060,3.749,0.102,0.026,3.387,82.333,1.779,5.047,0.74017,0.00005,361.651,-5.1756,0.11708,0.00085,8.9556,0.438,47.00,116.00,186.00,351.00,348.00,281.00,42.00,32.00,6.00,11.00,2.00,12.00,332.00,340.00,337.00,323.00,319.00,322.00,322.00,300.00,279.00,274.00,289.00,312.00,279.00,289.00,289.00,278.00,275.00,276.00,272.00,249.00,226.00,217.00,231.00,256.00,226.00,238.00,241.00,234.00,231.00,230.00,222.00,198.00,173.00,161.00,174.00,201.00,36.2172,0.71782,C,-14.8941000,126.0681200
285.000,230.000,1463.000,367.000,2.000,111.000,1022.000,19.000,331.000,19.000,264.000,94.000,57.000,2188.000,335.000,171.000,164.000,276.000,230.000,317.000,8.368,49.086,14.902,1.521,14.268,4.655,0.093,0.028,3.481,82.037,1.947,4.993,1.07876,-0.00110,264.788,-10.0830,1.54484,0.00133,5.7694,2.886,44.00,110.00,177.00,367.00,360.00,295.00,40.00,39.00,6.00,11.00,2.00,12.00,327.00,335.00,333.00,319.00,316.00,319.00,322.00,302.00,281.00,276.00,290.00,310.00,279.00,289.00,289.00,278.00,276.00,276.00,274.00,254.00,231.00,223.00,236.00,258.00,231.00,243.00,245.00,238.00,236.00,234.00,227.00,206.00,182.00,171.00,183.00,207.00,10.4668,0.62078,C,-14.7015800,125.7900000
286.000,230.000,1503.000,370.000,2.000,110.000,1040.000,19.000,353.000,19.000,264.000,96.000,57.000,2214.000,337.000,170.000,167.000,277.000,230.000,317.000,12.930,81.870,14.609,1.530,14.048,4.437,0.077,0.022,3.439,82.463,1.752,4.878,1.33937,0.00000,294.361,0.5021,1.96301,0.00000,5.4949,6.071,48.00,120.00,185.00,370.00,366.00,304.00,40.00,38.00,6.00,11.00,2.00,13.00,328.00,337.00,335.00,320.00,316.00,321.00,323.00,303.00,282.00,277.00,291.00,311.00,279.00,290.00,290.00,278.00,275.00,278.00,274.00,254.00,231.00,223.00,236.00,258.00,230.00,243.00,245.00,237.00,235.00,235.00,226.00,205.00,181.00,170.00,182.00,206.00,8.5094,0.68678,C,-14.8103600,125.7728500
286.000,230.000,1503.000,370.000,2.000,110.000,1040.000,19.000,353.000,19.000,264.000,96.000,57.000,2214.000,337.000,170.000,167.000,277.000,230.000,316.000,1.001,285.255,15.005,1.536,14.280,4.574,0.085,0.026,3.486,82.100,2.084,4.872,0.48680,0.00022,291.424,-5.3023,0.88821,0.00278,6.4256,0.753,48.00,120.00,185.00,370.00,366.00,304.00,40.00,38.00,6.00,11.00,2.00,13.00,328.00,337.00,335.00,320.00,316.00,321.00,323.00,303.00,282.00,277.00,291.00,311.00,279.00,290.00,290.00,278.00,275.00,278.00,274.00,254.00,231.00,223.00,236.00,258.00,230.00,243.00,245.00,237.00,235.00,235.00,226.00,205.00,181.00,170.00,182.00,206.00,8.2770,0.65495,C,-14.8103400,125.7719200
284.000,224.000,1433.000,351.000,2.000,109.000,978.000,20.000,349.000,20.000,261.000,102.000,57.000,2367.000,339.000,161.000,178.000,275.000,224.000,385.000,2.135,59.036,15.935,1.523,13.848,3.818,0.090,0.019,3.536,82.053,1.402,4.951,0.93174,-0.00040,348.868,-33.1300,0.44898,-0.00040,7.3670,0.957,47.00,116.00,186.00,351.00,347.00,280.00,42.00,32.00,6.00,12.00,2.00,12.00,330.00,339.00,336.00,322.00,318.00,322.00,321.00,299.00,278.00,273.00,289.00,311.00,277.00,288.00,288.00,277.00,274.00,276.00,270.00,248.00,225.00,217.00,232.00,255.00,225.00,237.00,240.00,233.00,230.00,230.00,220.00,197.00,172.00,161.00,175.00,200.00,21.9411,0.79792,C,-14.8886800,126.0885100
286.000,226.000,1416.000,348.000,2.000,109.000,969.000,19.000,344.000,19.000,263.000,102.000,56.000,2352.000,341.000,162.000,179.000,277.000,226.000,374.000,0.943,105.255,15.049,1.500,14.624,3.792,0.112,0.028,3.544,81.504,1.711,5.003,0.78563,0.00040,319.709,4.9547,0.00012,0.00072,9.7530,0.066,46.00,114.00,184.00,348.00,344.00,277.00,42.00,31.00,6.00,11.00,2.00,11.00,333.00,341.00,338.00,325.00,320.00,324.00,323.00,301.00,280.00,276.00,292.00,314.00,280.00,289.00,289.00,280.00,276.00,277.00,272.00,250.00,227.00,219.00,234.00,258.00,227.00,238.00,241.00,235.00,232.00,231.00,222.00,199.00,174.00,162.00,176.00,202.00,15.6841,0.64272,C,-14.8926900,126.1054500
286.000,226.000,1406.000,346.000,2.000,109.000,962.000,19.000,643.000,19.000,262.000,103.000,57.000,2384.000,342.000,162.000,180.000,277.000,226.000,346.000,1.493,71.565,15.605,1.508,13.577,3.872,0.080,0.021,3.397,82.283,1.440,5.043,0.83218,0.00026,344.352,10.4544,0.08730,0.00000,7.5536,0.757,45.00,113.00,184.00,346.00,342.00,274.00,42.00,30.00,6.00,11.00,2.00,11.00,333.00,342.00,339.00,325.00,321.00,324.00,323.00,301.00,280.00,276.00,292.00,314.00,279.00,290.00,290.00,280.00,276.00,277.00,272.00,249.00,226.00,219.00,234.00,257.00,226.00,239.00,242.00,235.00,232.00,231.00,222.00,198.00,173.00,162.00,176.00,201.00,18.7343,0.84539,C,-14.9067400,126.1289000
287.000,226.000,1392.000,344.000,1.000,109.000,955.000,17.000,637.000,17.000,263.000,103.000,56.000,2414.000,344.000,163.000,181.000,278.000,226.000,334.000,2.358,323.130,15.785,1.530,13.829,3.971,0.075,0.019,3.403,82.263,1.446,4.933,0.74019,0.00008,309.669,3.9531,0.16974,0.00000,10.8112,0.396,45.00,111.00,182.00,344.00,339.00,272.00,41.00,30.00,5.00,11.00,1.00,11.00,334.00,344.00,339.00,326.00,322.00,325.00,325.00,301.00,280.00,277.00,293.00,315.00,280.00,292.00,290.00,281.00,277.00,278.00,274.00,249.00,226.00,220.00,234.00,259.00,227.00,240.00,242.00,236.00,233.00,232.00,223.00,198.00,173.00,163.00,176.00,203.00,18.8399,0.75837,C,-14.8997900,126.1472300
286.000,226.000,1396.000,344.000,2.000,109.000,955.000,19.000,339.000,19.000,263.000,103.000,57.000,2392.000,342.000,162.000,180.000,277.000,226.000,348.000,0.667,18.435,15.990,1.523,13.400,3.751,0.078,0.021,3.502,82.760,1.357,4.985,0.74069,0.00036,305.138,27.0410,0.08736,0.00016,7.5278,0.000,45.00,112.00,182.00,344.00,339.00,272.00,42.00,30.00,6.00,11.00,2.00,11.00,334.00,342.00,339.00,325.00,321.00,324.00,324.00,301.00,280.00,276.00,292.00,314.00,280.00,290.00,290.00,280.00,276.00,277.00,273.00,249.00,226.00,219.00,234.00,258.00,227.00,239.00,242.00,235.00,232.00,231.00,222.00,198.00,173.00,162.00,176.00,202.00,18.0222,0.75579,C,-14.8961400,126.1567100
287.000,227.000,1384.000,343.000,1.000,110.000,951.000,17.000,335.000,17.000,264.000,103.000,57.000,2389.000,343.000,163.000,180.000,278.000,227.000,341.000,1.702,180.000,15.543,1.538,13.878,3.743,0.069,0.019,3.387,82.619,1.332,4.994,0.78541,0.00006,305.365,6.1605,0.00004,-0.00020,9.2772,0.814,44.00,110.00,181.00,343.00,338.00,270.00,41.00,30.00,5.00,11.00,1.00,10.00,335.00,343.00,340.00,326.00,322.00,325.00,325.00,303.00,281.00,277.00,293.00,315.00,281.00,291.00,291.00,281.00,277.00,278.00,274.00,251.00,227.00,220.00,235.00,258.00,228.00,240.00,243.00,236.00,233.00,232.00,223.00,199.00,174.00,163.00,177.00,202.00,19.0657,0.87915,C,-14.8910900,126.1583900
287.000,227.000,1384.000,343.000,1.000,110.000,951.000,17.000,335.000,17.000,264.000,103.000,57.000,2373.000,343.000,163.000,180.000,278.000,227.000,309.000,1.493,8.130,15.563,1.526,13.061,3.970,0.072,0.019,3.537,83.135,1.295,5.016,0.74049,-0.00030,298.847,-5.2619,0.19698,-0.00030,11.5824,6.331,44.00,110.00,181.00,343.00,338.00,270.00,41.00,30.00,5.00,11.00,1.00,10.00,335.00,343.00,340.00,326.00,322.00,325.00,324.00,303.00,282.00,277.00,293.00,315.00,281.00,291.00,291.00,281.00,277.00,278.00,273.00,251.00,228.00,220.00,235.00,258.00,228.00,240.00,243.00,236.00,233.00,232.00,223.00,199.00,174.00,163.00,177.00,202.00,15.7789,0.78021,C,-14.8805200,126.1657500
289.000,228.000,1371.000,341.000,1.000,110.000,943.000,17.000,331.000,17.000,265.000,103.000,56.000,2399.000,345.000,164.000,181.000,279.000,228.000,303.000,1.001,360.000,15.611,1.483,9.157,3.815,0.059,0.015,2.433,87.758,1.141,4.922,0.78553,-0.00010,299.777,-14.2170,0.00009,0.00007,11.2551,5.147,43.00,108.00,180.00,341.00,335.00,267.00,41.00,29.00,5.00,11.00,1.00,10.00,337.00,345.00,341.00,327.00,323.00,326.00,325.00,304.00,283.00,278.00,294.00,316.00,283.00,293.00,292.00,282.00,278.00,279.00,274.00,252.00,229.00,221.00,235.00,259.00,229.00,241.00,244.00,237.00,234.00,233.00,224.00,200.00,175.00,164.00,177.00,203.00,36.6176,0.88830,C,-14.8813800,126.1792800
289.000,228.000,1371.000,341.000,1.000,110.000,943.000,17.000,331.000,17.000,265.000,103.000,56.000,2399.000,345.000,164.000,181.000,279.000,228.000,302.000,0.746,288.435,15.416,1.476,10.219,3.989,0.062,0.016,2.684,86.069,1.201,4.932,0.78978,0.00019,303.010,3.3690,0.35613,-0.00010,11.9105,5.118,43.00,108.00,180.00,341.00,335.00,267.00,41.00,29.00,5.00,11.00,1.00,10.00,337.00,345.00,341.00,327.00,323.00,326.00,325.00,304.00,283.00,278.00,294.00,316.00,283.00,293.00,292.00,282.00,278.00,279.00,274.00,252.00,229.00,221.00,235.00,259.00,229.00,241.00,244.00,237.00,234.00,233.00,224.00,200.00,175.00,164.00,177.00,203.00,40.8157,0.91155,C,-14.8812600,126.1830100
289.000,228.000,1369.000,341.000,1.000,110.000,942.000,17.000,330.000,17.000,265.000,103.000,56.000,2406.000,345.000,164.000,181.000,279.000,228.000,294.000,4.805,90.000,15.628,1.519,13.729,3.628,0.073,0.019,3.486,82.344,1.340,4.906,1.01987,-0.00050,291.000,-7.4036,1.40653,-0.00050,10.7261,11.483,43.00,108.00,179.00,341.00,335.00,266.00,41.00,29.00,5.00,11.00,1.00,10.00,336.00,345.00,342.00,327.00,323.00,326.00,326.00,304.00,283.00,278.00,294.00,316.00,282.00,293.00,293.00,282.00,278.00,279.00,275.00,252.00,229.00,221.00,235.00,259.00,229.00,241.00,244.00,237.00,234.00,233.00,224.00,200.00,175.00,164.00,177.00,203.00,25.5558,0.66990,C,-14.8816500,126.1906100
290.000,229.000,1360.000,339.000,1.000,110.000,937.000,17.000,327.000,17.000,266.000,104.000,57.000,2425.000,346.000,164.000,182.000,281.000,229.000,285.000,3.285,74.055,15.444,1.475,9.683,4.087,0.064,0.017,2.480,87.316,1.276,4.923,0.80208,0.00020,285.000,4.7094,1.29365,0.00002,13.1770,16.353,42.00,107.00,178.00,339.00,333.00,265.00,41.00,28.00,5.00,11.00,1.00,10.00,337.00,346.00,343.00,329.00,324.00,328.00,327.00,305.00,284.00,279.00,295.00,318.00,283.00,294.00,294.00,283.00,279.00,281.00,276.00,253.00,230.00,221.00,236.00,261.00,230.00,242.00,245.00,238.00,235.00,234.00,225.00,201.00,176.00,164.00,178.00,204.00,20.3528,0.75842,C,-14.8869400,126.1947500
295.000,242.000,1340.000,355.000,1.000,116.000,968.000,15.000,275.000,15.000,274.000,93.000,58.000,2091.000,343.000,183.000,160.000,286.000,242.000,113.000,1.417,248.199,15.750,1.465,11.402,4.832,0.070,0.018,2.787,84.643,1.255,5.013,0.78542,0.00001,111.008,-5.1141,0.00482,-0.00010,11.1643,73.307,33.00,87.00,155.00,355.00,338.00,275.00,36.00,38.00,5.00,9.00,1.00,8.00,336.00,343.00,342.00,328.00,324.00,328.00,332.00,313.00,293.00,289.00,301.00,320.00,289.00,298.00,299.00,288.00,285.00,286.00,285.00,265.00,243.00,236.00,247.00,269.00,242.00,254.00,256.00,249.00,246.00,245.00,238.00,217.00,194.00,183.00,194.00,218.00,23.9381,0.95368,C,-14.6679700,125.7382500
295.000,242.000,1340.000,355.000,1.000,116.000,968.000,15.000,275.000,15.000,274.000,93.000,58.000,2091.000,343.000,183.000,160.000,286.000,242.000,113.000,0.746,45.000,15.814,1.470,11.198,4.585,0.072,0.017,2.668,85.140,1.209,5.065,0.78866,0.00000,110.581,4.9611,0.00292,0.00010,10.6875,76.377,33.00,87.00,155.00,355.00,338.00,275.00,36.00,38.00,5.00,9.00,1.00,8.00,336.00,343.00,342.00,328.00,324.00,328.00,332.00,313.00,293.00,289.00,301.00,320.00,289.00,298.00,299.00,288.00,285.00,286.00,285.00,265.00,243.00,236.00,247.00,269.00,242.00,254.00,256.00,249.00,246.00,245.00,238.00,217.00,194.00,183.00,194.00,218.00,23.9937,0.95698,C,-14.6690300,125.7386300
295.000,242.000,1340.000,355.000,1.000,116.000,968.000,15.000,275.000,15.000,274.000,93.000,58.000,2091.000,343.000,183.000,160.000,286.000,242.000,112.000,0.667,225.000,15.380,1.452,10.988,5.573,0.070,0.018,2.470,85.385,1.371,5.039,0.78552,0.00040,109.611,13.8642,0.00003,0.00006,10.4787,77.338,33.00,87.00,155.00,355.00,338.00,275.00,36.00,38.00,5.00,9.00,1.00,8.00,336.00,343.00,342.00,328.00,324.00,328.00,332.00,313.00,293.00,289.00,301.00,320.00,289.00,298.00,299.00,288.00,285.00,286.00,285.00,265.00,243.00,236.00,247.00,269.00,242.00,254.00,256.00,249.00,246.00,245.00,238.00,217.00,194.00,183.00,194.00,218.00,23.3509,0.95750,C,-14.6704300,125.7377700
291.000,235.000,1456.000,363.000,2.000,111.000,1017.000,17.000,336.000,17.000,269.000,97.000,57.000,2198.000,342.000,173.000,169.000,282.000,235.000,217.000,1.204,258.690,15.769,1.454,11.918,5.117,0.082,0.018,3.059,84.429,1.742,5.009,0.78988,0.00000,216.076,-1.0431,0.11323,-0.00010,6.0401,48.019,44.00,113.00,179.00,363.00,357.00,297.00,39.00,36.00,5.00,10.00,2.00,11.00,334.00,342.00,340.00,326.00,322.00,326.00,328.00,308.00,289.00,284.00,298.00,318.00,284.00,295.00,295.00,284.00,281.00,282.00,279.00,258.00,237.00,228.00,242.00,264.00,235.00,248.00,250.00,243.00,240.00,239.00,231.00,209.00,185.00,173.00,186.00,211.00,20.0247,0.95962,C,-14.8892500,125.7610900
284.000,231.000,1425.000,365.000,2.000,112.000,1005.000,19.000,311.000,19.000,264.000,93.000,57.000,2116.000,334.000,173.000,161.000,277.000,231.000,303.000,0.746,225.000,15.388,1.499,14.805,4.278,0.094,0.023,3.543,80.863,1.784,4.956,0.78540,0.00218,301.890,21.9481,0.00002,0.00122,9.7851,0.000,41.00,101.00,169.00,365.00,353.00,287.00,40.00,40.00,6.00,11.00,2.00,10.00,326.00,334.00,332.00,319.00,316.00,320.00,321.00,302.00,282.00,277.00,289.00,310.00,278.00,288.00,288.00,278.00,276.00,278.00,274.00,254.00,233.00,225.00,236.00,259.00,231.00,243.00,245.00,238.00,236.00,236.00,228.00,207.00,184.00,173.00,184.00,208.00,15.4111,0.73084,C,-14.6391200,125.7909900
294.000,240.000,1408.000,362.000,1.000,113.000,1001.000,15.000,307.000,15.000,272.000,95.000,57.000,2125.000,344.000,179.000,165.000,285.000,240.000,149.000,5.365,215.538,14.983,1.415,13.853,5.013,0.109,0.024,3.391,82.876,1.931,5.043,0.87521,0.00000,146.532,3.1819,0.71360,-0.00060,5.9023,71.134,38.00,101.00,168.00,362.00,349.00,290.00,38.00,37.00,5.00,9.00,1.00,10.00,335.00,344.00,342.00,327.00,324.00,328.00,330.00,312.00,292.00,287.00,301.00,319.00,286.00,298.00,298.00,286.00,284.00,285.00,282.00,263.00,241.00,233.00,246.00,267.00,238.00,252.00,254.00,246.00,244.00,243.00,235.00,214.00,190.00,179.00,191.00,215.00,5.2084,0.77388,C,-14.8235900,125.7070100
294.000,240.000,1408.000,362.000,1.000,113.000,1001.000,15.000,307.000,15.000,272.000,95.000,57.000,2125.000,344.000,179.000,165.000,285.000,240.000,153.000,9.820,171.870,15.024,1.398,14.062,4.849,0.112,0.024,3.436,82.859,1.962,5.062,1.12302,0.00066,149.697,4.0674,1.44478,-0.00190,6.9218,71.590,38.00,101.00,168.00,362.00,349.00,290.00,38.00,37.00,5.00,9.00,1.00,10.00,335.00,344.00,342.00,327.00,324.00,328.00,330.00,312.00,292.00,287.00,301.00,319.00,286.00,298.00,298.00,286.00,284.00,285.00,282.00,263.00,241.00,233.00,246.00,267.00,238.00,252.00,254.00,246.00,244.00,243.00,235.00,214.00,190.00,179.00,191.00,215.00,4.9504,0.71956,C,-14.8233400,125.7078800
289.000,228.000,1369.000,341.000,1.000,110.000,942.000,17.000,330.000,17.000,265.000,103.000,56.000,2406.000,345.000,164.000,181.000,279.000,228.000,301.000,1.702,338.962,16.194,1.525,13.572,3.713,0.070,0.021,3.441,82.222,1.328,4.944,0.64566,0.00032,296.461,6.3739,0.32914,-0.00020,7.9249,4.032,43.00,108.00,179.00,341.00,335.00,266.00,41.00,29.00,5.00,11.00,1.00,10.00,336.00,345.00,342.00,327.00,323.00,326.00,326.00,304.00,283.00,278.00,294.00,316.00,282.00,293.00,293.00,282.00,278.00,279.00,275.00,252.00,229.00,221.00,235.00,259.00,229.00,241.00,244.00,237.00,234.00,233.00,224.00,200.00,175.00,164.00,177.00,203.00,32.2516,0.77013,C,-14.8820000,126.1879300
287.000,227.000,1384.000,343.000,1.000,110.000,951.000,17.000,335.000,17.000,264.000,103.000,57.000,2389.000,343.000,163.000,180.000,278.000,227.000,334.000,1.376,293.199,15.642,1.549,13.977,3.939,0.072,0.021,3.403,82.364,1.389,4.955,0.78534,0.00000,304.220,0.4961,0.00003,-0.00080,10.0553,0.082,44.00,110.00,181.00,343.00,338.00,270.00,41.00,30.00,5.00,11.00,1.00,10.00,335.00,343.00,340.00,326.00,322.00,325.00,325.00,303.00,281.00,277.00,293.00,315.00,281.00,291.00,291.00,281.00,277.00,278.00,274.00,251.00,227.00,220.00,235.00,258.00,228.00,240.00,243.00,236.00,233.00,232.00,223.00,199.00,174.00,163.00,177.00,202.00,13.4938,0.74319,C,-14.8887600,126.1603700
294.000,240.000,1408.000,362.000,1.000,113.000,1001.000,15.000,307.000,15.000,272.000,95.000,57.000,2125.000,344.000,179.000,165.000,285.000,240.000,155.000,10.972,175.815,15.409,1.400,13.274,4.962,0.115,0.024,3.443,83.600,2.004,4.994,1.28827,0.00064,152.312,2.0667,2.55592,-0.00150,6.4332,68.453,38.00,101.00,168.00,362.00,349.00,290.00,38.00,37.00,5.00,9.00,1.00,10.00,335.00,344.00,342.00,327.00,324.00,328.00,330.00,312.00,292.00,287.00,301.00,319.00,286.00,298.00,298.00,286.00,284.00,285.00,282.00,263.00,241.00,233.00,246.00,267.00,238.00,252.00,254.00,246.00,244.00,243.00,235.00,214.00,190.00,179.00,191.00,215.00,4.9504,0.71956,E,-14.8230300,125.7083000
284.000,225.000,1481.000,360.000,2.000,109.000,1011.000,20.000,361.000,20.000,261.000,100.000,57.000,2335.000,337.000,162.000,175.000,275.000,225.000,394.000,3.164,126.870,15.942,1.481,13.289,3.563,0.098,0.021,3.429,82.552,1.679,4.923,0.78553,-0.00020,385.115,-4.3040,0.00006,0.00000,12.1726,2.480,49.00,122.00,190.00,360.00,357.00,294.00,42.00,34.00,6.00,12.00,2.00,13.00,329.00,337.00,335.00,321.00,317.00,320.00,320.00,299.00,278.00,274.00,289.00,311.00,277.00,287.00,288.00,277.00,274.00,275.00,270.00,248.00,225.00,218.00,232.00,256.00,225.00,238.00,241.00,233.00,231.00,230.00,221.00,198.00,173.00,162.00,175.00,201.00,12.9009,0.75770,E,-14.9339500,125.9372600
284.000,224.000,1484.000,361.000,2.000,109.000,1015.000,19.000,360.000,19.000,260.000,100.000,56.000,2353.000,338.000,162.000,176.000,274.000,224.000,392.000,1.702,333.435,16.088,1.538,14.244,4.212,0.091,0.022,3.486,81.958,1.621,4.914,0.60091,-0.00020,362.196,-4.2523,0.62049,0.00013,9.4393,1.690,49.00,121.00,190.00,361.00,358.00,296.00,42.00,35.00,6.00,11.00,2.00,13.00,329.00,338.00,335.00,320.00,317.00,320.00,321.00,299.00,278.00,273.00,288.00,311.00,277.00,288.00,287.00,276.00,274.00,274.00,271.00,248.00,225.00,217.00,231.00,256.00,225.00,238.00,240.00,233.00,231.00,229.00,221.00,198.00,173.00,162.00,175.00,201.00,9.7513,0.73070,E,-14.9679300,125.8930300
284.000,224.000,1485.000,361.000,2.000,109.000,1014.000,20.000,361.000,20.000,260.000,100.000,56.000,2367.000,338.000,162.000,176.000,274.000,224.000,395.000,2.030,234.462,15.654,1.503,14.025,3.928,0.096,0.023,3.494,81.166,1.819,4.935,0.78520,-0.00030,380.912,-5.4500,0.00006,-0.00030,10.6829,3.979,49.00,122.00,190.00,361.00,358.00,295.00,42.00,35.00,6.00,12.00,2.00,13.00,329.00,338.00,335.00,320.00,317.00,320.00,321.00,298.00,278.00,273.00,288.00,311.00,277.00,288.00,288.00,276.00,274.00,274.00,271.00,247.00,225.00,217.00,231.00,256.00,225.00,238.00,241.00,233.00,231.00,229.00,221.00,197.00,173.00,162.00,175.00,201.00,15.4332,0.90382,E,-14.9592500,125.9021100
284.000,230.000,1429.000,365.000,2.000,112.000,1007.000,19.000,637.000,19.000,263.000,93.000,57.000,2152.000,334.000,172.000,162.000,276.000,230.000,302.000,3.164,251.565,15.439,1.487,14.029,3.961,0.093,0.021,3.471,81.078,1.761,4.891,0.78546,-0.00120,302.011,-18.3690,0.00007,-0.00030,12.0957,6.329,41.00,102.00,170.00,365.00,354.00,288.00,40.00,40.00,6.00,11.00,2.00,10.00,325.00,334.00,332.00,319.00,315.00,319.00,321.00,301.00,281.00,275.00,289.00,308.00,277.00,288.00,288.00,278.00,275.00,277.00,274.00,253.00,232.00,223.00,236.00,257.00,230.00,243.00,245.00,238.00,235.00,235.00,228.00,206.00,183.00,172.00,183.00,207.00,16.9573,0.74293,E,-14.6394700,125.7920900
288.000,234.000,1386.000,360.000,1.000,114.000,988.000,17.000,295.000,17.000,267.000,92.000,57.000,2142.000,337.000,176.000,161.000,279.000,234.000,299.000,1.202,155.556,14.208,1.506,14.219,5.754,0.076,0.025,3.461,82.149,1.857,5.116,0.84073,0.00245,196.848,47.2388,0.21873,0.00362,5.9896,0.000,38.00,94.00,163.00,360.00,347.00,281.00,38.00,39.00,6.00,10.00,1.00,9.00,329.00,337.00,335.00,322.00,317.00,321.00,324.00,305.00,284.00,280.00,292.00,312.00,282.00,292.00,292.00,282.00,277.00,279.00,277.00,257.00,235.00,228.00,239.00,261.00,235.00,247.00,249.00,242.00,238.00,238.00,231.00,210.00,187.00,176.00,187.00,211.00,4.6013,0.63249,E,-14.6152400,125.7993300
288.000,234.000,1386.000,360.000,1.000,114.000,988.000,17.000,295.000,17.000,267.000,92.000,57.000,2142.000,337.000,176.000,161.000,279.000,234.000,299.000,2.030,341.565,14.494,1.507,14.253,4.921,0.085,0.027,3.467,82.209,2.241,5.088,0.60706,0.00397,191.714,22.4745,0.34973,0.00316,5.7413,0.000,38.00,94.00,163.00,360.00,347.00,281.00,38.00,39.00,6.00,10.00,1.00,9.00,329.00,337.00,335.00,322.00,317.00,321.00,324.00,305.00,284.00,280.00,292.00,312.00,282.00,292.00,292.00,282.00,277.00,279.00,277.00,257.00,235.00,228.00,239.00,261.00,235.00,247.00,249.00,242.00,238.00,238.00,231.00,210.00,187.00,176.00,187.00,211.00,4.2030,0.60052,E,-14.6147400,125.7986100
285.000,231.000,1439.000,365.000,2.000,112.000,1011.000,19.000,319.000,19.000,264.000,93.000,57.000,2162.000,335.000,173.000,162.000,277.000,231.000,298.000,0.667,333.435,15.189,1.501,13.513,4.685,0.091,0.022,3.450,82.946,1.925,5.057,0.69712,0.00044,267.192,34.3528,,-0.00020,,1.127,42.00,105.00,172.00,365.00,356.00,290.00,40.00,39.00,6.00,11.00,2.00,11.00,326.00,335.00,334.00,319.00,316.00,320.00,322.00,302.00,282.00,277.00,290.00,310.00,278.00,289.00,290.00,278.00,276.00,278.00,275.00,254.00,232.00,225.00,236.00,259.00,231.00,243.00,246.00,238.00,236.00,236.00,228.00,207.00,183.00,173.00,183.00,208.00,12.1047,0.78016,E,-14.6647900,125.7958800
286.000,231.000,1445.000,366.000,2.000,112.000,1014.000,19.000,645.000,19.000,264.000,94.000,58.000,2163.000,335.000,173.000,162.000,277.000,231.000,299.000,1.668,45.000,15.587,1.514,14.263,4.426,0.084,0.021,3.479,82.244,1.819,5.030,0.69135,0.00067,264.742,13.5753,0.12077,0.00076,6.3681,0.000,43.00,106.00,173.00,366.00,357.00,291.00,40.00,39.00,6.00,11.00,2.00,11.00,326.00,335.00,334.00,320.00,316.00,320.00,322.00,302.00,282.00,277.00,290.00,310.00,278.00,289.00,290.00,279.00,275.00,278.00,275.00,254.00,232.00,225.00,236.00,259.00,231.00,243.00,246.00,238.00,235.00,236.00,228.00,207.00,183.00,173.00,183.00,208.00,12.9936,0.78830,E,-14.6673700,125.7972300
285.000,229.000,1507.000,369.000,2.000,110.000,1039.000,19.000,357.000,19.000,263.000,96.000,57.000,2230.000,336.000,169.000,167.000,276.000,229.000,331.000,0.334,45.000,15.848,1.492,13.119,4.826,0.097,0.019,3.188,82.540,1.628,4.849,0.74032,0.00000,330.085,2.2682,0.15917,-0.00010,10.4639,2.718,49.00,122.00,186.00,369.00,367.00,303.00,41.00,38.00,6.00,11.00,2.00,13.00,328.00,336.00,334.00,320.00,316.00,320.00,322.00,301.00,282.00,276.00,289.00,310.00,279.00,289.00,289.00,278.00,275.00,276.00,274.00,252.00,231.00,222.00,234.00,257.00,230.00,242.00,244.00,237.00,234.00,233.00,226.00,204.00,180.00,169.00,180.00,205.00,19.4876,0.87502,E,-14.7994400,125.8055400
285.000,229.000,1508.000,370.000,2.000,110.000,1041.000,19.000,355.000,19.000,263.000,96.000,57.000,2225.000,336.000,169.000,167.000,276.000,229.000,325.000,4.015,266.186,15.332,1.534,13.920,3.882,0.101,0.022,3.367,82.385,1.885,4.882,0.62484,0.00024,310.896,1.5316,0.74183,0.00051,7.7567,3.121,48.00,121.00,186.00,370.00,367.00,304.00,41.00,39.00,6.00,11.00,2.00,13.00,328.00,336.00,334.00,320.00,316.00,320.00,322.00,301.00,282.00,276.00,290.00,310.00,279.00,289.00,289.00,278.00,275.00,277.00,274.00,252.00,231.00,222.00,235.00,257.00,230.00,242.00,244.00,237.00,234.00,234.00,226.00,204.00,180.00,169.00,181.00,205.00,11.7845,0.72211,E,-14.8007400,125.7773700
285.000,229.000,1507.000,368.000,2.000,110.000,1038.000,19.000,678.000,19.000,263.000,96.000,57.000,2197.000,336.000,169.000,167.000,277.000,229.000,326.000,2.687,288.435,15.658,1.488,13.404,4.314,0.091,0.019,3.374,81.558,1.518,4.832,0.78745,0.00015,323.188,19.5159,0.00261,0.00022,12.7042,1.903,49.00,123.00,187.00,368.00,367.00,303.00,40.00,38.00,6.00,11.00,2.00,13.00,328.00,336.00,334.00,321.00,317.00,320.00,322.00,302.00,281.00,277.00,291.00,310.00,278.00,288.00,289.00,279.00,276.00,276.00,274.00,253.00,230.00,223.00,236.00,257.00,229.00,241.00,244.00,237.00,235.00,233.00,226.00,204.00,180.00,169.00,181.00,205.00,19.7613,0.88035,E,-14.7997900,125.8176700
286.000,229.000,1509.000,368.000,2.000,110.000,1038.000,18.000,362.000,18.000,264.000,96.000,57.000,2212.000,337.000,169.000,168.000,277.000,229.000,323.000,1.056,90.000,15.644,1.483,13.314,3.827,0.088,0.020,3.255,81.199,1.573,4.865,0.80162,-0.00030,313.323,-10.8450,0.37481,-0.00010,6.8347,3.759,50.00,124.00,188.00,368.00,367.00,303.00,40.00,38.00,5.00,11.00,2.00,13.00,329.00,337.00,335.00,320.00,317.00,321.00,322.00,302.00,282.00,277.00,290.00,312.00,279.00,289.00,290.00,278.00,276.00,277.00,273.00,253.00,231.00,223.00,235.00,259.00,230.00,242.00,245.00,237.00,235.00,234.00,225.00,204.00,180.00,169.00,181.00,206.00,17.4888,0.86549,E,-14.8028600,125.8253200
284.000,226.000,1486.000,361.000,2.000,109.000,1016.000,19.000,361.000,19.000,261.000,99.000,57.000,2306.000,337.000,164.000,173.000,275.000,226.000,370.000,1.376,270.000,15.777,1.512,14.330,4.137,0.098,0.023,3.565,80.867,1.683,5.005,0.60094,-0.00030,337.338,-32.7220,0.29290,0.00000,5.6873,0.421,49.00,123.00,189.00,361.00,359.00,296.00,42.00,35.00,6.00,11.00,2.00,13.00,329.00,337.00,335.00,321.00,317.00,321.00,321.00,300.00,279.00,274.00,289.00,310.00,277.00,288.00,288.00,277.00,274.00,276.00,271.00,250.00,227.00,219.00,232.00,255.00,226.00,239.00,241.00,234.00,232.00,231.00,222.00,200.00,175.00,164.00,176.00,201.00,18.3801,0.94398,E,-14.9020700,125.9206200
283.000,224.000,1485.000,361.000,2.000,109.000,1014.000,20.000,361.000,20.000,260.000,100.000,57.000,2340.000,337.000,162.000,175.000,275.000,224.000,393.000,2.848,335.556,15.893,1.532,14.003,3.899,0.091,0.022,3.419,82.331,1.586,5.044,0.78531,-0.00040,369.225,-10.8870,0.00005,-0.00050,9.3070,1.780,49.00,122.00,190.00,361.00,358.00,295.00,42.00,35.00,6.00,12.00,2.00,13.00,328.00,337.00,335.00,320.00,317.00,320.00,320.00,299.00,278.00,273.00,289.00,310.00,276.00,287.00,288.00,276.00,274.00,275.00,270.00,248.00,225.00,217.00,232.00,255.00,225.00,238.00,241.00,233.00,231.00,230.00,221.00,198.00,173.00,162.00,175.00,201.00,13.3754,0.74372,E,-14.9231900,125.9271500
283.000,223.000,1485.000,361.000,2.000,109.000,1014.000,20.000,361.000,20.000,260.000,100.000,57.000,2372.000,336.000,161.000,175.000,274.000,223.000,398.000,1.055,356.186,16.209,1.526,13.783,3.811,0.083,0.021,3.370,81.279,1.508,5.061,0.74062,-0.00020,375.298,-2.5484,0.10150,-0.00060,8.2617,2.105,49.00,122.00,190.00,361.00,358.00,295.00,42.00,35.00,6.00,12.00,2.00,13.00,329.00,336.00,334.00,321.00,316.00,320.00,319.00,298.00,277.00,272.00,287.00,310.00,277.00,286.00,287.00,277.00,273.00,274.00,269.00,247.00,224.00,216.00,230.00,255.00,225.00,237.00,240.00,233.00,230.00,229.00,220.00,197.00,172.00,161.00,174.00,200.00,14.0615,0.76887,E,-14.9255500,125.9286800
295.000,242.000,1347.000,356.000,1.000,115.000,972.000,15.000,277.000,15.000,274.000,93.000,57.000,2081.000,344.000,183.000,161.000,286.000,242.000,109.000,1.701,23.199,15.502,1.493,9.762,3.611,0.055,0.016,2.415,87.273,0.965,4.957,0.62417,0.00000,102.101,-1.2550,0.59619,0.00054,6.6311,75.922,33.00,88.00,156.00,356.00,339.00,277.00,37.00,38.00,5.00,9.00,1.00,8.00,336.00,344.00,341.00,328.00,324.00,328.00,331.00,313.00,293.00,289.00,301.00,320.00,288.00,299.00,298.00,288.00,285.00,286.00,284.00,265.00,243.00,236.00,247.00,269.00,241.00,254.00,256.00,248.00,246.00,245.00,238.00,217.00,193.00,183.00,194.00,218.00,12.3514,0.85863,I,-14.6757400,125.7317600
292.000,237.000,1431.000,364.000,2.000,112.000,1011.000,17.000,317.000,17.000,271.000,95.000,57.000,2152.000,342.000,177.000,165.000,283.000,237.000,176.000,7.733,193.393,14.058,1.369,13.120,4.616,0.101,0.023,3.334,84.424,1.933,4.936,1.44697,0.00029,169.243,1.0709,4.28481,-0.00150,6.3197,51.291,40.00,105.00,172.00,364.00,353.00,294.00,38.00,38.00,5.00,10.00,2.00,10.00,334.00,342.00,340.00,326.00,322.00,326.00,329.00,310.00,290.00,285.00,299.00,318.00,285.00,296.00,296.00,285.00,282.00,283.00,281.00,261.00,238.00,231.00,244.00,265.00,237.00,250.00,252.00,244.00,242.00,241.00,233.00,212.00,187.00,177.00,189.00,213.00,4.2579,0.57806,I,-14.8218300,125.7106900
292.000,237.000,1431.000,364.000,2.000,112.000,1011.000,17.000,317.000,17.000,271.000,95.000,57.000,2152.000,342.000,177.000,165.000,283.000,237.000,183.000,6.557,123.690,15.519,1.433,12.751,5.122,0.083,0.020,3.086,84.282,1.670,5.028,1.18312,0.00051,177.799,5.4526,1.09510,-0.00020,6.1845,58.223,40.00,105.00,172.00,364.00,353.00,294.00,38.00,38.00,5.00,10.00,2.00,10.00,334.00,342.00,340.00,326.00,322.00,326.00,329.00,310.00,290.00,285.00,299.00,318.00,285.00,296.00,296.00,285.00,282.00,283.00,281.00,261.00,238.00,231.00,244.00,265.00,237.00,250.00,252.00,244.00,242.00,241.00,233.00,212.00,187.00,177.00,189.00,213.00,5.6877,0.80747,I,-14.8207500,125.7142900
294.000,240.000,1408.000,362.000,1.000,113.000,1001.000,15.000,307.000,15.000,272.000,95.000,57.000,2125.000,344.000,179.000,165.000,285.000,240.000,145.000,4.994,225.000,15.118,1.429,10.958,6.017,0.076,0.018,2.717,86.109,1.357,5.098,0.78952,0.00000,142.937,1.3206,0.22564,-0.00090,9.6094,69.029,38.00,101.00,168.00,362.00,349.00,290.00,38.00,37.00,5.00,9.00,1.00,10.00,335.00,344.00,342.00,327.00,324.00,328.00,330.00,312.00,292.00,287.00,301.00,319.00,286.00,298.00,298.00,286.00,284.00,285.00,282.00,263.00,241.00,233.00,246.00,267.00,238.00,252.00,254.00,246.00,244.00,243.00,235.00,214.00,190.00,179.00,191.00,215.00,7.7986,0.95040,I,-14.8242000,125.7014300
295.000,241.000,1385.000,360.000,1.000,114.000,991.000,15.000,296.000,15.000,274.000,95.000,57.000,2109.000,344.000,180.000,164.000,286.000,241.000,136.000,5.995,42.397,15.163,1.457,11.258,4.711,0.088,0.019,3.101,86.521,1.413,4.975,0.87469,-0.00020,125.778,1.0647,1.00172,-0.00060,7.6090,73.424,36.00,96.00,164.00,360.00,345.00,286.00,37.00,37.00,5.00,9.00,1.00,9.00,337.00,344.00,343.00,329.00,324.00,329.00,332.00,314.00,294.00,289.00,303.00,321.00,289.00,298.00,299.00,288.00,284.00,286.00,284.00,264.00,243.00,234.00,248.00,268.00,241.00,253.00,255.00,248.00,245.00,244.00,237.00,215.00,192.00,180.00,193.00,216.00,6.6506,0.72900,I,-14.8236800,125.6942700
286.000,226.000,1396.000,344.000,2.000,109.000,955.000,19.000,339.000,19.000,263.000,103.000,57.000,2392.000,342.000,162.000,180.000,277.000,226.000,341.000,1.798,90.000,15.496,1.513,13.705,3.818,0.087,0.021,3.538,82.346,1.504,4.983,0.78543,0.00017,306.084,9.2947,0.00010,-0.00040,15.6200,0.314,45.00,112.00,182.00,344.00,339.00,272.00,42.00,30.00,6.00,11.00,2.00,11.00,334.00,342.00,339.00,325.00,321.00,324.00,324.00,301.00,280.00,276.00,292.00,314.00,280.00,290.00,290.00,280.00,276.00,277.00,273.00,249.00,226.00,219.00,234.00,258.00,227.00,239.00,242.00,235.00,232.00,231.00,222.00,198.00,173.00,162.00,176.00,202.00,20.6692,0.75093,I,-14.8974400,126.1538000
283.000,223.000,1485.000,361.000,2.000,109.000,1014.000,20.000,361.000,20.000,260.000,100.000,57.000,2372.000,336.000,161.000,175.000,274.000,223.000,404.000,0.746,315.000,16.018,1.517,13.750,3.824,0.085,0.021,3.361,81.914,1.410,5.043,0.78553,0.00007,379.792,5.0249,0.00006,0.00008,11.6969,0.000,49.00,122.00,190.00,361.00,358.00,295.00,42.00,35.00,6.00,12.00,2.00,13.00,329.00,336.00,334.00,321.00,316.00,320.00,319.00,298.00,277.00,272.00,287.00,310.00,277.00,286.00,287.00,277.00,273.00,274.00,269.00,247.00,224.00,216.00,230.00,255.00,225.00,237.00,240.00,233.00,230.00,229.00,220.00,197.00,172.00,161.00,174.00,200.00,11.5870,0.76348,I,-14.9275500,125.9284300
293.000,239.000,1425.000,363.000,2.000,113.000,1008.000,17.000,638.000,17.000,272.000,95.000,57.000,2125.000,343.000,178.000,165.000,284.000,239.000,171.000,3.073,243.435,15.233,1.437,11.415,5.093,0.092,0.024,2.706,85.217,1.561,5.040,0.78965,-0.00050,172.008,-27.6560,0.38043,-0.00010,12.2418,48.182,40.00,104.00,171.00,363.00,352.00,293.00,38.00,37.00,5.00,10.00,2.00,10.00,334.00,343.00,341.00,327.00,323.00,327.00,330.00,311.00,291.00,286.00,300.00,318.00,285.00,297.00,296.00,286.00,283.00,284.00,282.00,262.00,240.00,232.00,245.00,266.00,237.00,251.00,252.00,245.00,243.00,242.00,234.00,213.00,189.00,178.00,190.00,214.00,7.3582,0.73364,I,-14.8288000,125.7108900
291.000,229.000,1357.000,338.000,1.000,110.000,934.000,17.000,327.000,17.000,266.000,104.000,56.000,2466.000,347.000,164.000,183.000,282.000,229.000,269.000,0.472,123.690,15.622,1.496,10.997,4.918,0.056,0.014,2.728,85.820,1.118,4.997,0.78553,0.00019,269.947,8.3951,0.00013,-0.00030,15.8209,33.094,42.00,107.00,178.00,338.00,332.00,264.00,41.00,28.00,5.00,11.00,1.00,10.00,338.00,347.00,343.00,329.00,326.00,329.00,327.00,305.00,284.00,279.00,296.00,319.00,284.00,295.00,294.00,284.00,281.00,282.00,276.00,252.00,229.00,221.00,237.00,262.00,230.00,243.00,245.00,239.00,236.00,235.00,225.00,200.00,175.00,164.00,178.00,205.00,21.4406,0.89110,I,-14.8980000,126.1995500
295.000,241.000,1385.000,360.000,1.000,114.000,991.000,15.000,296.000,15.000,274.000,95.000,57.000,2109.000,344.000,180.000,164.000,286.000,241.000,105.000,17.425,138.180,15.010,1.390,13.263,7.187,0.131,0.028,3.226,84.860,1.622,5.004,1.68266,0.00041,93.205,0.5596,6.63662,0.00019,7.0464,107.662,36.00,96.00,164.00,360.00,345.00,286.00,37.00,37.00,5.00,9.00,1.00,9.00,337.00,344.00,343.00,329.00,324.00,329.00,332.00,314.00,294.00,289.00,303.00,321.00,289.00,298.00,299.00,288.00,284.00,286.00,284.00,264.00,243.00,234.00,248.00,268.00,241.00,253.00,255.00,248.00,245.00,244.00,237.00,215.00,192.00,180.00,193.00,216.00,3.3460,0.73340,I,-14.8206800,125.6954700
295.000,241.000,1385.000,360.000,1.000,114.000,991.000,15.000,296.000,15.000,274.000,95.000,57.000,2109.000,344.000,180.000,164.000,286.000,241.000,134.000,9.815,54.090,15.832,1.455,11.575,4.677,0.079,0.021,3.039,85.468,1.315,5.031,1.07798,-0.00010,127.912,-1.3309,1.85740,-0.00030,6.7041,70.819,36.00,96.00,164.00,360.00,345.00,286.00,37.00,37.00,5.00,9.00,1.00,9.00,337.00,344.00,343.00,329.00,324.00,329.00,332.00,314.00,294.00,289.00,303.00,321.00,289.00,298.00,299.00,288.00,284.00,286.00,284.00,264.00,243.00,234.00,248.00,268.00,241.00,253.00,255.00,248.00,245.00,244.00,237.00,215.00,192.00,180.00,193.00,216.00,5.9356,0.62193,I,-14.8220400,125.6927000
287.000,230.000,1505.000,366.000,2.000,109.000,1034.000,18.000,363.000,18.000,264.000,97.000,57.000,2250.000,339.000,169.000,170.000,278.000,230.000,290.000,2.137,263.660,15.183,1.475,13.739,4.915,0.095,0.020,3.377,81.879,1.801,4.989,0.69832,0.00047,291.558,19.1416,0.22800,0.00000,7.0938,35.949,50.00,125.00,188.00,366.00,366.00,302.00,40.00,37.00,5.00,11.00,2.00,13.00,330.00,339.00,336.00,322.00,318.00,323.00,323.00,303.00,283.00,278.00,292.00,313.00,280.00,291.00,290.00,280.00,276.00,279.00,274.00,253.00,231.00,223.00,236.00,260.00,231.00,243.00,245.00,238.00,235.00,235.00,226.00,204.00,180.00,169.00,181.00,207.00,18.9242,0.82937,M,-14.8099600,125.8517000
291.000,235.000,1456.000,363.000,2.000,111.000,1017.000,17.000,336.000,17.000,269.000,97.000,57.000,2198.000,342.000,173.000,169.000,282.000,235.000,215.000,0.472,288.435,15.537,1.448,12.400,4.785,0.084,0.017,3.076,83.826,1.643,5.039,0.78527,-0.00010,215.342,-4.3443,0.00004,-0.00010,9.3815,50.413,44.00,113.00,179.00,363.00,357.00,297.00,39.00,36.00,5.00,10.00,2.00,11.00,334.00,342.00,340.00,326.00,322.00,326.00,328.00,308.00,289.00,284.00,298.00,318.00,284.00,295.00,295.00,284.00,281.00,282.00,279.00,258.00,237.00,228.00,242.00,264.00,235.00,248.00,250.00,243.00,240.00,239.00,231.00,209.00,185.00,173.00,186.00,211.00,23.6371,0.99079,M,-14.8907900,125.7612000
287.000,233.000,1387.000,361.000,1.000,114.000,988.000,17.000,295.000,17.000,266.000,92.000,57.000,2149.000,336.000,175.000,161.000,279.000,233.000,265.000,5.720,329.931,16.177,1.434,13.557,5.227,0.089,0.027,3.303,82.385,1.860,5.043,0.53992,-0.00070,170.303,-4.0184,0.88053,-0.00040,6.7890,5.613,38.00,94.00,163.00,361.00,347.00,280.00,39.00,39.00,6.00,10.00,1.00,9.00,328.00,336.00,334.00,321.00,317.00,321.00,323.00,304.00,284.00,278.00,291.00,311.00,281.00,291.00,291.00,281.00,277.00,279.00,276.00,257.00,235.00,226.00,238.00,261.00,234.00,246.00,248.00,241.00,238.00,238.00,230.00,210.00,186.00,175.00,186.00,211.00,7.7505,0.61302,M,-14.6049000,125.7956600
285.000,225.000,1471.000,358.000,2.000,109.000,1006.000,19.000,358.000,19.000,262.000,100.000,56.000,2385.000,339.000,163.000,176.000,276.000,225.000,351.000,2.831,108.435,15.950,1.446,13.421,3.847,0.108,0.024,3.064,80.678,1.950,5.005,0.78950,0.00010,350.689,2.5970,0.12302,0.00006,6.6486,20.361,49.00,121.00,188.00,358.00,356.00,292.00,42.00,34.00,6.00,11.00,2.00,12.00,331.00,339.00,336.00,323.00,318.00,322.00,322.00,300.00,279.00,274.00,289.00,312.00,279.00,289.00,289.00,279.00,275.00,276.00,272.00,249.00,226.00,218.00,232.00,257.00,227.00,239.00,242.00,235.00,232.00,231.00,222.00,199.00,174.00,163.00,176.00,202.00,11.6540,0.84911,M,-14.9321100,125.9582900
291.000,234.000,1466.000,362.000,2.000,110.000,1018.000,17.000,660.000,17.000,269.000,98.000,57.000,2230.000,343.000,173.000,170.000,282.000,234.000,225.000,2.359,233.130,15.720,1.435,13.086,5.257,0.090,0.021,3.267,82.024,1.737,5.102,0.79001,0.00000,226.007,-10.5590,0.61620,0.00013,14.4522,58.091,46.00,117.00,181.00,362.00,358.00,298.00,39.00,36.00,5.00,10.00,2.00,12.00,335.00,343.00,340.00,327.00,322.00,327.00,328.00,308.00,288.00,283.00,297.00,317.00,284.00,295.00,294.00,285.00,280.00,283.00,279.00,258.00,236.00,228.00,240.00,263.00,234.00,247.00,249.00,243.00,239.00,239.00,231.00,208.00,184.00,173.00,184.00,210.00,21.8158,0.98866,M,-14.8846700,125.8026700
294.000,240.000,1408.000,362.000,1.000,113.000,1001.000,15.000,307.000,15.000,272.000,95.000,57.000,2125.000,344.000,179.000,165.000,285.000,240.000,146.000,1.667,156.801,15.754,1.412,13.347,6.210,0.096,0.023,3.257,82.749,1.766,5.113,0.83285,0.00009,146.003,5.7853,0.11333,-0.00060,8.7398,70.732,38.00,101.00,168.00,362.00,349.00,290.00,38.00,37.00,5.00,9.00,1.00,10.00,335.00,344.00,342.00,327.00,324.00,328.00,330.00,312.00,292.00,287.00,301.00,319.00,286.00,298.00,298.00,286.00,284.00,285.00,282.00,263.00,241.00,233.00,246.00,267.00,238.00,252.00,254.00,246.00,244.00,243.00,235.00,214.00,190.00,179.00,191.00,215.00,11.3462,0.94002,M,-14.8233900,125.7046500
292.000,237.000,1432.000,363.000,2.000,112.000,1010.000,17.000,319.000,17.000,271.000,95.000,57.000,2179.000,342.000,176.000,166.000,284.000,237.000,189.000,0.472,15.255,15.759,1.450,10.584,4.825,0.086,0.019,2.596,85.585,1.620,5.012,0.62494,0.00027,187.259,6.8744,0.58777,-0.00020,6.6078,64.639,41.00,106.00,172.00,363.00,353.00,294.00,38.00,37.00,5.00,10.00,2.00,11.00,334.00,342.00,340.00,326.00,323.00,327.00,330.00,310.00,290.00,285.00,299.00,318.00,285.00,296.00,296.00,285.00,283.00,284.00,282.00,261.00,239.00,230.00,243.00,265.00,237.00,250.00,252.00,245.00,243.00,241.00,234.00,212.00,188.00,176.00,188.00,213.00,17.9177,0.84444,M,-14.8244500,125.7259300
292.000,237.000,1440.000,363.000,2.000,112.000,1013.000,17.000,324.000,17.000,271.000,96.000,57.000,2170.000,342.000,176.000,166.000,283.000,237.000,196.000,2.539,335.556,15.733,1.444,14.332,4.674,0.122,0.030,3.427,81.294,2.134,5.086,0.74881,-0.00020,196.100,0.9890,0.24848,-0.00080,14.3085,62.346,42.00,108.00,174.00,363.00,355.00,295.00,38.00,37.00,5.00,10.00,2.00,11.00,335.00,342.00,340.00,327.00,322.00,327.00,329.00,310.00,290.00,285.00,299.00,318.00,286.00,295.00,296.00,286.00,281.00,284.00,281.00,261.00,238.00,230.00,244.00,265.00,237.00,249.00,252.00,245.00,241.00,241.00,233.00,212.00,187.00,176.00,189.00,213.00,8.9776,0.69091,M,-14.8226600,125.7430300
288.000,227.000,1403.000,346.000,2.000,110.000,963.000,18.000,340.000,18.000,264.000,102.000,56.000,2406.000,343.000,164.000,179.000,279.000,227.000,326.000,1.415,153.435,15.508,1.437,15.741,4.624,0.140,0.026,3.685,80.633,2.058,5.104,0.88168,-0.00110,313.699,-13.2250,0.53030,-0.00090,11.2732,32.524,45.00,113.00,182.00,346.00,342.00,275.00,41.00,30.00,5.00,11.00,2.00,11.00,334.00,343.00,340.00,325.00,322.00,325.00,324.00,302.00,281.00,277.00,293.00,315.00,280.00,292.00,292.00,280.00,278.00,279.00,273.00,250.00,227.00,220.00,235.00,259.00,227.00,241.00,244.00,236.00,234.00,233.00,223.00,199.00,174.00,164.00,177.00,203.00,11.0752,0.64896,M,-14.8972900,126.1095600
293.000,240.000,1303.000,351.000,1.000,117.000,947.000,15.000,260.000,15.000,272.000,92.000,57.000,2082.000,341.000,182.000,159.000,284.000,240.000,184.000,2.407,101.310,15.219,1.425,12.486,6.285,0.076,0.026,3.162,83.504,1.477,5.219,0.98100,0.00193,81.483,12.1292,0.64351,0.00107,7.0330,0.000,31.00,80.00,149.00,351.00,331.00,265.00,36.00,38.00,5.00,9.00,1.00,7.00,333.00,341.00,339.00,326.00,322.00,326.00,329.00,310.00,290.00,285.00,299.00,317.00,287.00,296.00,296.00,286.00,283.00,284.00,282.00,263.00,241.00,233.00,246.00,267.00,241.00,252.00,254.00,247.00,244.00,243.00,236.00,216.00,193.00,182.00,193.00,217.00,4.8268,0.60961,O,-14.5595500,125.8111000
289.000,234.000,1471.000,366.000,2.000,111.000,1026.000,17.000,339.000,17.000,268.000,96.000,57.000,2179.000,340.000,173.000,167.000,281.000,234.000,241.000,4.331,309.806,14.564,1.459,14.551,4.628,0.109,0.028,3.597,81.967,2.134,4.997,0.47182,-0.00010,233.807,0.0774,1.28342,-0.00060,8.8190,52.927,45.00,115.00,179.00,366.00,360.00,300.00,39.00,38.00,5.00,10.00,2.00,12.00,332.00,340.00,338.00,324.00,320.00,325.00,327.00,307.00,287.00,282.00,296.00,316.00,283.00,293.00,293.00,283.00,279.00,282.00,279.00,258.00,236.00,227.00,241.00,263.00,234.00,247.00,249.00,242.00,239.00,239.00,231.00,209.00,185.00,173.00,186.00,210.00,6.8043,0.61063,O,-14.8182900,125.7564200
290.000,237.000,1330.000,355.000,1.000,116.000,962.000,16.000,268.000,16.000,270.000,91.000,57.000,2086.000,338.000,180.000,158.000,282.000,237.000,220.000,7.659,196.557,14.656,1.450,13.762,5.376,0.091,0.024,3.452,82.892,1.912,5.131,0.90073,-0.00020,154.718,-1.1366,1.18406,-0.00070,6.5750,20.960,33.00,83.00,152.00,355.00,337.00,270.00,37.00,39.00,6.00,9.00,1.00,8.00,330.00,338.00,336.00,323.00,320.00,324.00,326.00,308.00,287.00,282.00,295.00,314.00,284.00,293.00,294.00,283.00,281.00,282.00,280.00,261.00,238.00,231.00,243.00,264.00,238.00,249.00,252.00,244.00,242.00,241.00,235.00,214.00,190.00,180.00,191.00,214.00,6.5136,0.56635,O,-14.5563800,125.7915500
293.000,240.000,1303.000,351.000,1.000,117.000,947.000,15.000,260.000,15.000,272.000,92.000,57.000,2082.000,341.000,182.000,159.000,284.000,240.000,171.000,11.743,135.000,14.897,1.401,13.059,7.237,0.079,0.029,3.250,83.735,1.670,5.184,1.33055,0.00108,78.076,2.6825,1.76858,0.00146,5.8853,0.985,31.00,80.00,149.00,351.00,331.00,265.00,36.00,38.00,5.00,9.00,1.00,7.00,333.00,341.00,339.00,326.00,322.00,326.00,329.00,310.00,290.00,285.00,299.00,317.00,287.00,296.00,296.00,286.00,283.00,284.00,282.00,263.00,241.00,233.00,246.00,267.00,241.00,252.00,254.00,247.00,244.00,243.00,236.00,216.00,193.00,182.00,193.00,217.00,4.1954,0.61824,O,-14.5603800,125.8118100
287.000,233.000,1387.000,361.000,1.000,114.000,988.000,17.000,295.000,17.000,266.000,92.000,57.000,2149.000,336.000,175.000,161.000,279.000,233.000,260.000,5.378,73.610,15.543,1.445,13.544,5.224,0.091,0.021,3.304,82.989,1.665,5.029,0.96048,-0.00120,174.104,-6.8907,0.97889,-0.00030,6.9116,7.961,38.00,94.00,163.00,361.00,347.00,280.00,39.00,39.00,6.00,10.00,1.00,9.00,328.00,336.00,334.00,321.00,317.00,321.00,323.00,304.00,284.00,278.00,291.00,311.00,281.00,291.00,291.00,281.00,277.00,279.00,276.00,257.00,235.00,226.00,238.00,261.00,234.00,246.00,248.00,241.00,238.00,238.00,230.00,210.00,186.00,175.00,186.00,211.00,8.7531,0.66483,O,-14.6043000,125.7950000
289.000,234.000,1471.000,366.000,2.000,111.000,1026.000,17.000,339.000,17.000,268.000,96.000,57.000,2179.000,340.000,173.000,167.000,281.000,234.000,244.000,3.728,301.759,14.321,1.456,14.280,4.797,0.108,0.028,3.497,82.123,2.251,5.014,0.57080,-0.00020,238.292,-0.6385,1.29888,-0.00050,7.5211,48.743,45.00,115.00,179.00,366.00,360.00,300.00,39.00,38.00,5.00,10.00,2.00,12.00,332.00,340.00,338.00,324.00,320.00,325.00,327.00,307.00,287.00,282.00,296.00,316.00,283.00,293.00,293.00,283.00,279.00,282.00,279.00,258.00,236.00,227.00,241.00,263.00,234.00,247.00,249.00,242.00,239.00,239.00,231.00,209.00,185.00,173.00,186.00,210.00,9.0788,0.60942,O,-14.8182800,125.7572400
290.000,233.000,1482.000,363.000,2.000,110.000,1024.000,18.000,353.000,18.000,268.000,98.000,57.000,2236.000,341.000,172.000,169.000,282.000,233.000,249.000,4.952,87.274,15.501,1.444,15.782,4.852,0.149,0.028,3.652,80.200,1.912,5.123,0.94250,0.00067,240.623,4.7837,0.82398,-0.00010,8.0804,53.895,48.00,121.00,184.00,363.00,361.00,300.00,39.00,36.00,5.00,11.00,2.00,12.00,334.00,341.00,339.00,326.00,321.00,326.00,328.00,307.00,286.00,282.00,296.00,316.00,284.00,293.00,293.00,284.00,280.00,282.00,279.00,257.00,234.00,227.00,240.00,262.00,234.00,246.00,248.00,242.00,239.00,238.00,230.00,207.00,183.00,172.00,184.00,209.00,5.9432,0.67950,O,-14.8611900,125.8282900
291.000,234.000,1466.000,362.000,2.000,110.000,1018.000,17.000,660.000,17.000,269.000,98.000,57.000,2230.000,343.000,173.000,170.000,282.000,234.000,228.000,1.796,153.435,15.774,1.437,13.913,4.914,0.108,0.023,3.221,81.527,1.865,5.056,0.88159,-0.00020,229.036,-5.1915,0.65381,0.00002,12.3206,52.818,46.00,117.00,181.00,362.00,358.00,298.00,39.00,36.00,5.00,10.00,2.00,12.00,335.00,343.00,340.00,327.00,322.00,327.00,328.00,308.00,288.00,283.00,297.00,317.00,284.00,295.00,294.00,285.00,280.00,283.00,279.00,258.00,236.00,228.00,240.00,263.00,234.00,247.00,249.00,243.00,239.00,239.00,231.00,208.00,184.00,173.00,184.00,210.00,20.1565,0.89348,O,-14.8834400,125.8015300
292.000,237.000,1437.000,364.000,2.000,113.000,1013.000,17.000,321.000,17.000,271.000,96.000,58.000,2149.000,342.000,177.000,165.000,283.000,237.000,192.000,3.076,81.870,16.073,1.436,14.027,5.934,0.096,0.021,3.488,81.166,1.699,5.090,0.98129,0.00026,188.660,3.6363,0.70279,-0.00070,7.4627,62.041,41.00,107.00,173.00,364.00,354.00,295.00,38.00,37.00,5.00,10.00,2.00,11.00,335.00,342.00,340.00,326.00,322.00,327.00,329.00,310.00,290.00,285.00,299.00,318.00,286.00,295.00,296.00,285.00,281.00,284.00,281.00,261.00,238.00,231.00,244.00,265.00,237.00,249.00,252.00,244.00,241.00,241.00,233.00,212.00,187.00,177.00,189.00,213.00,6.6064,0.76719,O,-14.8301500,125.7307100
292.000,237.000,1437.000,364.000,2.000,113.000,1013.000,17.000,321.000,17.000,271.000,96.000,58.000,2149.000,342.000,177.000,165.000,283.000,237.000,200.000,9.475,70.017,16.164,1.438,14.487,5.263,0.100,0.022,3.529,80.908,1.659,5.005,1.15165,0.00058,188.629,2.4605,1.85535,0.00002,6.1248,50.381,41.00,107.00,173.00,364.00,354.00,295.00,38.00,37.00,5.00,10.00,2.00,11.00,335.00,342.00,340.00,326.00,322.00,327.00,329.00,310.00,290.00,285.00,299.00,318.00,286.00,295.00,296.00,285.00,281.00,284.00,281.00,261.00,238.00,231.00,244.00,265.00,237.00,249.00,252.00,244.00,241.00,241.00,233.00,212.00,187.00,177.00,189.00,213.00,4.9973,0.67792,O,-14.8296100,125.7290300
288.000,234.000,1386.000,360.000,1.000,114.000,988.000,17.000,295.000,17.000,267.000,92.000,57.000,2142.000,337.000,176.000,161.000,279.000,234.000,272.000,15.068,16.189,16.010,1.533,14.271,5.905,0.069,0.029,3.466,82.151,1.634,5.136,0.72591,0.00049,188.641,1.3283,3.33575,0.00011,5.7385,3.490,38.00,94.00,163.00,360.00,347.00,281.00,38.00,39.00,6.00,10.00,1.00,9.00,329.00,337.00,335.00,322.00,317.00,321.00,324.00,305.00,284.00,280.00,292.00,312.00,282.00,292.00,292.00,282.00,277.00,279.00,277.00,257.00,235.00,228.00,239.00,261.00,235.00,247.00,249.00,242.00,238.00,238.00,231.00,210.00,187.00,176.00,187.00,211.00,4.6548,0.60126,O,-14.6140100,125.7996100
289.000,234.000,1471.000,366.000,2.000,111.000,1026.000,17.000,339.000,17.000,268.000,96.000,57.000,2179.000,340.000,173.000,167.000,281.000,234.000,240.000,2.539,320.194,14.639,1.459,14.567,4.940,0.112,0.030,3.550,81.668,2.090,5.032,0.60706,-0.00020,232.513,-0.4727,0.76582,-0.00040,9.6602,49.961,45.00,115.00,179.00,366.00,360.00,300.00,39.00,38.00,5.00,10.00,2.00,12.00,332.00,340.00,338.00,324.00,320.00,325.00,327.00,307.00,287.00,282.00,296.00,316.00,283.00,293.00,293.00,283.00,279.00,282.00,279.00,258.00,236.00,227.00,241.00,263.00,234.00,247.00,249.00,242.00,239.00,239.00,231.00,209.00,185.00,173.00,186.00,210.00,7.1321,0.54140,O,-14.8195200,125.7558000
292.000,237.000,1440.000,363.000,2.000,112.000,1013.000,17.000,324.000,17.000,271.000,96.000,57.000,2170.000,342.000,176.000,166.000,283.000,237.000,199.000,5.993,25.560,16.153,1.444,13.723,4.935,0.101,0.027,3.433,81.332,1.984,5.207,0.71234,0.00017,199.011,2.4116,0.47978,-0.00040,7.3525,73.029,42.00,108.00,174.00,363.00,355.00,295.00,38.00,37.00,5.00,10.00,2.00,11.00,335.00,342.00,340.00,327.00,322.00,327.00,329.00,310.00,290.00,285.00,299.00,318.00,286.00,295.00,296.00,286.00,281.00,284.00,281.00,261.00,238.00,230.00,244.00,265.00,237.00,249.00,252.00,245.00,241.00,241.00,233.00,212.00,187.00,176.00,189.00,213.00,5.1953,0.66845,O,-14.8205400,125.7482700
292.000,237.000,1437.000,364.000,2.000,113.000,1013.000,17.000,321.000,17.000,271.000,96.000,58.000,2149.000,342.000,177.000,165.000,283.000,237.000,194.000,2.867,360.000,16.142,1.451,11.733,5.185,0.088,0.022,2.857,83.913,1.722,5.128,0.74002,0.00024,187.798,4.2454,0.14878,-0.00030,10.1521,59.583,41.00,107.00,173.00,364.00,354.00,295.00,38.00,37.00,5.00,10.00,2.00,11.00,335.00,342.00,340.00,326.00,322.00,327.00,329.00,310.00,290.00,285.00,299.00,318.00,286.00,295.00,296.00,285.00,281.00,284.00,281.00,261.00,238.00,231.00,244.00,265.00,237.00,249.00,252.00,244.00,241.00,241.00,233.00,212.00,187.00,177.00,189.00,213.00,5.6117,0.65120,O,-14.8279900,125.7286100
292.000,236.000,1442.000,364.000,2.000,112.000,1014.000,17.000,325.000,17.000,270.000,96.000,57.000,2191.000,342.000,176.000,166.000,283.000,236.000,193.000,4.471,36.254,15.997,1.430,11.462,5.805,0.086,0.020,2.638,83.928,1.601,5.128,0.82119,0.00034,191.763,6.4852,0.59291,-0.00020,6.2361,62.406,42.00,109.00,174.00,364.00,355.00,295.00,38.00,37.00,5.00,10.00,2.00,11.00,335.00,342.00,340.00,326.00,322.00,327.00,329.00,309.00,289.00,285.00,298.00,318.00,286.00,295.00,296.00,285.00,281.00,284.00,281.00,260.00,237.00,230.00,243.00,265.00,237.00,249.00,252.00,244.00,241.00,241.00,233.00,211.00,186.00,176.00,188.00,213.00,16.2072,0.90379,O,-14.8348600,125.7337000
288.000,231.000,1504.000,366.000,2.000,109.000,1035.000,18.000,678.000,18.000,266.000,97.000,57.000,2231.000,339.000,170.000,169.000,279.000,231.000,289.000,1.702,,15.177,1.491,13.970,4.861,0.098,0.019,3.419,81.853,1.804,4.979,0.78527,0.00002,289.759,2.4931,0.00007,0.00013,12.8991,36.457,50.00,125.00,187.00,366.00,366.00,303.00,39.00,37.00,5.00,11.00,2.00,13.00,331.00,339.00,337.00,324.00,319.00,323.00,325.00,304.00,284.00,279.00,293.00,314.00,281.00,291.00,291.00,282.00,278.00,279.00,277.00,254.00,233.00,224.00,238.00,261.00,232.00,244.00,246.00,240.00,237.00,236.00,229.00,205.00,182.00,170.00,183.00,208.00,20.3801,0.86186,O,-14.8103800,125.8499300
288.000,231.000,1502.000,366.000,2.000,109.000,1034.000,18.000,362.000,18.000,266.000,97.000,57.000,2239.000,339.000,171.000,168.000,279.000,231.000,288.000,4.344,315.000,15.256,1.469,13.880,4.065,0.100,0.023,3.554,81.353,2.083,4.844,0.60891,0.00005,282.900,1.9723,0.52638,-0.00050,7.8493,35.921,50.00,125.00,187.00,366.00,365.00,303.00,39.00,36.00,5.00,11.00,2.00,13.00,332.00,339.00,337.00,324.00,320.00,323.00,325.00,304.00,284.00,280.00,294.00,314.00,282.00,291.00,292.00,282.00,278.00,279.00,276.00,254.00,232.00,225.00,238.00,261.00,232.00,244.00,247.00,240.00,237.00,236.00,228.00,205.00,181.00,171.00,183.00,208.00,7.2264,0.61583,O,-14.8172100,125.8486700
288.000,230.000,1502.000,365.000,2.000,109.000,1032.000,18.000,363.000,18.000,265.000,97.000,57.000,2259.000,340.000,170.000,170.000,279.000,230.000,294.000,2.358,343.610,15.361,1.463,14.928,4.528,0.101,0.028,3.623,80.955,2.028,4.943,0.60706,0.00008,287.914,1.5800,0.68261,-0.00060,9.0851,31.428,50.00,125.00,188.00,365.00,365.00,302.00,40.00,36.00,5.00,11.00,2.00,13.00,331.00,340.00,337.00,323.00,319.00,324.00,324.00,304.00,283.00,279.00,293.00,314.00,281.00,292.00,291.00,280.00,277.00,280.00,275.00,254.00,231.00,224.00,237.00,260.00,231.00,244.00,246.00,238.00,236.00,236.00,227.00,205.00,180.00,170.00,182.00,207.00,6.5767,0.60987,O,-14.8305000,125.8548400
293.000,240.000,1409.000,362.000,1.000,113.000,1002.000,15.000,307.000,15.000,273.000,95.000,57.000,2117.000,344.000,179.000,165.000,285.000,240.000,170.000,7.277,200.772,14.913,1.445,12.664,4.965,0.088,0.021,3.050,83.927,1.709,5.001,0.98099,0.00047,164.322,5.0681,1.13153,0.00005,6.0025,16.458,38.00,101.00,168.00,362.00,349.00,291.00,38.00,37.00,5.00,9.00,1.00,10.00,335.00,344.00,341.00,327.00,324.00,328.00,331.00,312.00,292.00,287.00,301.00,320.00,286.00,298.00,297.00,286.00,284.00,285.00,283.00,263.00,241.00,233.00,246.00,268.00,238.00,252.00,254.00,246.00,244.00,243.00,235.00,214.00,190.00,179.00,191.00,216.00,7.0091,0.79453,R,-14.8280100,125.7083000
290.000,233.000,1482.000,363.000,2.000,110.000,1024.000,18.000,353.000,18.000,268.000,98.000,57.000,2236.000,341.000,172.000,169.000,282.000,233.000,240.000,0.746,45.000,15.457,1.467,15.461,4.641,0.131,0.025,3.362,80.395,1.931,5.108,0.80210,-0.00010,238.466,0.8394,0.30492,-0.00040,5.9009,61.564,48.00,121.00,184.00,363.00,361.00,300.00,39.00,36.00,5.00,11.00,2.00,12.00,334.00,341.00,339.00,326.00,321.00,326.00,328.00,307.00,286.00,282.00,296.00,316.00,284.00,293.00,293.00,284.00,280.00,282.00,279.00,257.00,234.00,227.00,240.00,262.00,234.00,246.00,248.00,242.00,239.00,238.00,230.00,207.00,183.00,172.00,184.00,209.00,18.3192,0.87913,R,-14.8619600,125.8298400
290.000,233.000,1482.000,363.000,2.000,110.000,1024.000,18.000,353.000,18.000,268.000,98.000,57.000,2236.000,341.000,172.000,169.000,282.000,233.000,238.000,2.541,125.538,15.457,1.467,15.461,4.641,0.131,0.025,3.362,80.395,1.931,5.108,0.88171,-0.00020,238.633,-5.0902,0.49978,-0.00030,10.9699,63.903,48.00,121.00,184.00,363.00,361.00,300.00,39.00,36.00,5.00,11.00,2.00,12.00,334.00,341.00,339.00,326.00,321.00,326.00,328.00,307.00,286.00,282.00,296.00,316.00,284.00,293.00,293.00,284.00,280.00,282.00,279.00,257.00,234.00,227.00,240.00,262.00,234.00,246.00,248.00,242.00,239.00,238.00,230.00,207.00,183.00,172.00,184.00,209.00,19.1486,0.84092,R,-14.8614100,125.8303100
292.000,237.000,1439.000,363.000,2.000,112.000,1012.000,17.000,324.000,17.000,271.000,96.000,57.000,2170.000,342.000,176.000,166.000,283.000,237.000,192.000,1.055,188.130,15.830,1.430,13.312,5.282,0.093,0.023,3.102,82.963,1.806,5.097,0.78631,0.00001,196.234,-41.6680,0.00125,0.00000,13.6568,59.611,42.00,108.00,174.00,363.00,354.00,295.00,38.00,37.00,5.00,10.00,2.00,11.00,335.00,342.00,340.00,327.00,322.00,327.00,329.00,310.00,290.00,285.00,299.00,318.00,286.00,295.00,296.00,286.00,281.00,284.00,281.00,261.00,238.00,230.00,244.00,265.00,237.00,249.00,252.00,245.00,241.00,241.00,233.00,212.00,187.00,176.00,189.00,213.00,18.1165,0.93150,R,-14.8306700,125.7409100
292.000,237.000,1439.000,363.000,2.000,112.000,1012.000,17.000,324.000,17.000,271.000,96.000,57.000,2170.000,342.000,176.000,166.000,283.000,237.000,191.000,1.202,348.690,15.982,1.425,14.057,5.063,0.097,0.023,3.248,81.129,1.771,5.133,0.78476,0.00000,195.951,1.9573,0.00051,0.00000,14.7206,59.903,42.00,108.00,174.00,363.00,354.00,295.00,38.00,37.00,5.00,10.00,2.00,11.00,335.00,342.00,340.00,327.00,322.00,327.00,329.00,310.00,290.00,285.00,299.00,318.00,286.00,295.00,296.00,286.00,281.00,284.00,281.00,261.00,238.00,230.00,244.00,265.00,237.00,249.00,252.00,245.00,241.00,241.00,233.00,212.00,187.00,176.00,189.00,213.00,18.1165,0.93150,R,-14.8310200,125.7399700
292.000,237.000,1439.000,363.000,2.000,112.000,1012.000,17.000,324.000,17.000,271.000,96.000,57.000,2170.000,342.000,176.000,166.000,283.000,237.000,193.000,1.492,344.745,15.646,1.415,13.887,5.069,0.097,0.025,3.255,81.153,1.748,5.166,0.78573,0.00000,196.124,-0.2829,0.00010,0.00000,10.6510,61.088,42.00,108.00,174.00,363.00,354.00,295.00,38.00,37.00,5.00,10.00,2.00,11.00,335.00,342.00,340.00,327.00,322.00,327.00,329.00,310.00,290.00,285.00,299.00,318.00,286.00,295.00,296.00,286.00,281.00,284.00,281.00,261.00,238.00,230.00,244.00,265.00,237.00,249.00,252.00,245.00,241.00,241.00,233.00,212.00,187.00,176.00,189.00,213.00,16.9051,0.87720,R,-14.8317100,125.7401500
289.000,234.000,1471.000,366.000,2.000,111.000,1026.000,17.000,339.000,17.000,268.000,96.000,57.000,2179.000,340.000,173.000,167.000,281.000,234.000,242.000,3.728,299.745,14.564,1.459,14.551,4.628,0.109,0.028,3.597,81.967,2.134,4.997,0.51259,-0.00030,235.305,-0.3528,1.00377,-0.00090,8.8159,51.528,45.00,115.00,179.00,366.00,360.00,300.00,39.00,38.00,5.00,10.00,2.00,12.00,332.00,340.00,338.00,324.00,320.00,325.00,327.00,307.00,287.00,282.00,296.00,316.00,283.00,293.00,293.00,283.00,279.00,282.00,279.00,258.00,236.00,227.00,241.00,263.00,234.00,247.00,249.00,242.00,239.00,239.00,231.00,209.00,185.00,173.00,186.00,210.00,9.0788,0.60942,R,-14.8182900,125.7568600
291.000,235.000,1456.000,363.000,2.000,111.000,1017.000,17.000,336.000,17.000,269.000,97.000,57.000,2198.000,342.000,173.000,169.000,282.000,235.000,217.000,0.943,180.000,15.470,1.464,13.333,6.014,0.083,0.020,3.233,83.569,1.609,5.060,0.78553,-0.00060,215.860,-12.7770,0.00005,-0.00040,12.7392,48.522,44.00,113.00,179.00,363.00,357.00,297.00,39.00,36.00,5.00,10.00,2.00,11.00,334.00,342.00,340.00,326.00,322.00,326.00,328.00,308.00,289.00,284.00,298.00,318.00,284.00,295.00,295.00,284.00,281.00,282.00,279.00,258.00,237.00,228.00,242.00,264.00,235.00,248.00,250.00,243.00,240.00,239.00,231.00,209.00,185.00,173.00,186.00,211.00,20.7958,1.01700,S,-14.8897000,125.7607000
284.000,225.000,1481.000,360.000,2.000,109.000,1011.000,20.000,361.000,20.000,261.000,100.000,57.000,2335.000,337.000,162.000,175.000,275.000,225.000,396.000,2.607,26.565,15.934,1.506,13.667,3.611,0.100,0.021,3.518,81.716,1.600,4.956,0.93231,0.00000,388.064,-0.5357,0.73461,-0.00010,9.8059,2.468,49.00,122.00,190.00,360.00,357.00,294.00,42.00,34.00,6.00,12.00,2.00,13.00,329.00,337.00,335.00,321.00,317.00,320.00,320.00,299.00,278.00,274.00,289.00,311.00,277.00,287.00,288.00,277.00,274.00,275.00,270.00,248.00,225.00,218.00,232.00,256.00,225.00,238.00,241.00,233.00,231.00,230.00,221.00,198.00,173.00,162.00,175.00,201.00,13.6389,0.73918,S,-14.9343100,125.9367900
295.000,242.000,1339.000,356.000,1.000,116.000,969.000,15.000,273.000,15.000,274.000,93.000,58.000,2095.000,343.000,183.000,160.000,286.000,242.000,98.000,8.429,188.130,15.681,1.479,10.753,4.424,0.074,0.014,2.897,85.846,1.051,4.812,1.04331,-0.00080,98.000,-1.7420,1.03811,-0.00150,6.3017,83.368,33.00,86.00,154.00,356.00,338.00,275.00,36.00,38.00,5.00,9.00,1.00,8.00,336.00,343.00,342.00,328.00,324.00,328.00,332.00,312.00,293.00,289.00,301.00,320.00,289.00,298.00,299.00,288.00,285.00,286.00,285.00,264.00,243.00,236.00,247.00,269.00,242.00,254.00,256.00,249.00,246.00,245.00,238.00,217.00,194.00,183.00,194.00,218.00,9.9150,0.84970,S,-14.6733200,125.7319300
284.000,224.000,1484.000,361.000,2.000,109.000,1015.000,19.000,360.000,19.000,260.000,100.000,56.000,2353.000,338.000,162.000,176.000,274.000,224.000,392.000,1.204,288.435,16.088,1.538,14.244,4.212,0.091,0.022,3.486,81.958,1.621,4.914,0.69681,0.00040,363.390,3.8047,0.53441,0.00050,11.2306,2.221,49.00,121.00,190.00,361.00,358.00,296.00,42.00,35.00,6.00,11.00,2.00,13.00,329.00,338.00,335.00,320.00,317.00,320.00,321.00,299.00,278.00,273.00,288.00,311.00,277.00,288.00,287.00,276.00,274.00,274.00,271.00,248.00,225.00,217.00,231.00,256.00,225.00,238.00,240.00,233.00,231.00,229.00,221.00,198.00,173.00,162.00,175.00,201.00,10.0415,0.73296,S,-14.9681200,125.8936900
291.000,235.000,1456.000,363.000,2.000,111.000,1017.000,17.000,336.000,17.000,269.000,97.000,57.000,2198.000,342.000,173.000,169.000,282.000,235.000,215.000,1.667,171.870,15.537,1.448,12.400,4.785,0.084,0.017,3.076,83.826,1.643,5.039,0.83264,-0.00020,215.269,-4.8606,0.15127,-0.00020,10.2169,48.955,44.00,113.00,179.00,363.00,357.00,297.00,39.00,36.00,5.00,10.00,2.00,11.00,334.00,342.00,340.00,326.00,322.00,326.00,328.00,308.00,289.00,284.00,298.00,318.00,284.00,295.00,295.00,284.00,281.00,282.00,279.00,258.00,237.00,228.00,242.00,264.00,235.00,248.00,250.00,243.00,240.00,239.00,231.00,209.00,185.00,173.00,186.00,211.00,22.7026,0.92940,S,-14.8908400,125.7604800
295.000,242.000,1339.000,356.000,1.000,116.000,969.000,15.000,273.000,15.000,274.000,93.000,58.000,2095.000,343.000,183.000,160.000,286.000,242.000,106.000,3.607,84.806,15.220,1.466,9.776,5.907,0.080,0.019,2.142,86.252,1.342,5.011,1.07874,0.00028,104.744,4.6487,1.07788,-0.00020,6.5552,76.793,33.00,86.00,154.00,356.00,338.00,275.00,36.00,38.00,5.00,9.00,1.00,8.00,336.00,343.00,342.00,328.00,324.00,328.00,332.00,312.00,293.00,289.00,301.00,320.00,289.00,298.00,299.00,288.00,285.00,286.00,285.00,264.00,243.00,236.00,247.00,269.00,242.00,254.00,256.00,249.00,246.00,245.00,238.00,217.00,194.00,183.00,194.00,218.00,18.2033,1.00125,S,-14.6719500,125.7331200
295.000,242.000,1339.000,356.000,1.000,116.000,969.000,15.000,273.000,15.000,274.000,93.000,58.000,2095.000,343.000,183.000,160.000,286.000,242.000,107.000,1.001,23.199,15.385,1.482,9.099,3.906,0.066,0.017,2.199,87.447,1.086,5.022,0.85555,0.00046,104.455,14.2601,0.63766,-0.00030,7.7499,77.175,33.00,86.00,154.00,356.00,338.00,275.00,36.00,38.00,5.00,9.00,1.00,8.00,336.00,343.00,342.00,328.00,324.00,328.00,332.00,312.00,293.00,289.00,301.00,320.00,289.00,298.00,299.00,288.00,285.00,286.00,285.00,264.00,243.00,236.00,247.00,269.00,242.00,254.00,256.00,249.00,246.00,245.00,238.00,217.00,194.00,183.00,194.00,218.00,18.2033,1.00125,S,-14.6722900,125.7330900
295.000,242.000,1339.000,356.000,1.000,116.000,969.000,15.000,273.000,15.000,274.000,93.000,58.000,2095.000,343.000,183.000,160.000,286.000,242.000,98.000,3.479,203.962,15.243,1.452,11.234,5.372,0.088,0.021,2.454,84.460,1.404,4.963,0.73552,-0.00090,100.000,-4.8296,0.93935,-0.00090,8.0909,82.674,33.00,86.00,154.00,356.00,338.00,275.00,36.00,38.00,5.00,9.00,1.00,8.00,336.00,343.00,342.00,328.00,324.00,328.00,332.00,312.00,293.00,289.00,301.00,320.00,289.00,298.00,299.00,288.00,285.00,286.00,285.00,264.00,243.00,236.00,247.00,269.00,242.00,254.00,256.00,249.00,246.00,245.00,238.00,217.00,194.00,183.00,194.00,218.00,9.9150,0.84970,S,-14.6733300,125.7323400
